17.09.2012;0.0589700
18.09.2012;0.0576400
19.09.2012;0.0558300
20.09.2012;0.0572800
21.09.2012;0.0566800
24.09.2012;0.0559100
25.09.2012;0.0562300
26.09.2012;0.0540900
27.09.2012;0.0539100
28.09.2012;0.0539100
01.10.2012;0.0537800
02.10.2012;0.0544500
03.10.2012;0.0547400
04.10.2012;0.0544400
05.10.2012;0.0547600
08.10.2012;0.0547900
09.10.2012;0.0546000
10.10.2012;0.0535800
11.10.2012;0.0547500
12.10.2012;0.0541400
15.10.2012;0.0540600
16.10.2012;0.0542500
17.10.2012;0.0551400
18.10.2012;0.0550400
19.10.2012;0.0540300
22.10.2012;0.0542900
23.10.2012;0.0540900
24.10.2012;0.0539100
25.10.2012;0.0549700
26.10.2012;0.0555700
29.10.2012;0.0558300
30.10.2012;0.0549300
31.10.2012;0.0541700
01.11.2012;0.0547300
02.11.2012;0.0547400
06.11.2012;0.0549000
07.11.2012;0.0541800
08.11.2012;0.0533700
09.11.2012;0.0520600
12.11.2012;0.0530000
13.11.2012;0.0500000
14.11.2012;0.0510400
15.11.2012;0.0515500
16.11.2012;0.0518800
19.11.2012;0.0518500
20.11.2012;0.0515800
21.11.2012;0.0519900
22.11.2012;0.0518900
23.11.2012;0.0524700
26.11.2012;0.0524100
27.11.2012;0.0512700
28.11.2012;0.0513800
29.11.2012;0.0510100
30.11.2012;0.0518700
03.12.2012;0.0527300
04.12.2012;0.0521300
05.12.2012;0.0523000
06.12.2012;0.0525300
07.12.2012;0.0526200
10.12.2012;0.0522500
11.12.2012;0.0526900
12.12.2012;0.0536000
13.12.2012;0.0538200
14.12.2012;0.0537000
17.12.2012;0.0540000
18.12.2012;0.0548100
19.12.2012;0.0548400
20.12.2012;0.0543100
21.12.2012;0.0537500
24.12.2012;0.0539900
25.12.2012;0.0541300
26.12.2012;0.0541600
27.12.2012;0.0544700
28.12.2012;0.0536600
08.01.2013;0.0550000
09.01.2013;0.0548700
10.01.2013;0.0549000
11.01.2013;0.0575800
14.01.2013;0.0575100
15.01.2013;0.0579900
16.01.2013;0.0578000
17.01.2013;0.0577400
18.01.2013;0.0582900
21.01.2013;0.0583000
22.01.2013;0.0580800
23.01.2013;0.0593200
24.01.2013;0.0588700
25.01.2013;0.0591500
28.01.2013;0.0592100
29.01.2013;0.0579800
30.01.2013;0.0565100
31.01.2013;0.0557200
01.02.2013;0.0561400
04.02.2013;0.0553100
05.02.2013;0.0550500
06.02.2013;0.0541900
07.02.2013;0.0541500
08.02.2013;0.0536500
11.02.2013;0.0533300
12.02.2013;0.0527400
13.02.2013;0.0555700
14.02.2013;0.0562800
15.02.2013;0.0559700
18.02.2013;0.0564800
19.02.2013;0.0568400
20.02.2013;0.0572000
21.02.2013;0.0545600
22.02.2013;0.0545000
25.02.2013;0.0548100
26.02.2013;0.0546900
27.02.2013;0.0548000
28.02.2013;0.0561500
01.03.2013;0.0557400
04.03.2013;0.0556200
05.03.2013;0.0566100
06.03.2013;0.0559700
07.03.2013;0.0558000
11.03.2013;0.0551400
12.03.2013;0.0558900
13.03.2013;0.0560000
14.03.2013;0.0554100
15.03.2013;0.0553700
18.03.2013;0.0534100
19.03.2013;0.0513200
20.03.2013;0.0529200
21.03.2013;0.0517400
22.03.2013;0.0515300
25.03.2013;0.0500300
26.03.2013;0.0494300
27.03.2013;0.0480100
28.03.2013;0.0501700
29.03.2013;0.0498100
01.04.2013;0.0495700
02.04.2013;0.0491100
03.04.2013;0.0483000
04.04.2013;0.0473300
05.04.2013;0.0468300
08.04.2013;0.0477900
09.04.2013;0.0490900
10.04.2013;0.0482600
11.04.2013;0.0478800
12.04.2013;0.0471900
15.04.2013;0.0455900
16.04.2013;0.0457500
17.04.2013;0.0441300
18.04.2013;0.0434800
19.04.2013;0.0436600
22.04.2013;0.0444300
23.04.2013;0.0454400
24.04.2013;0.0456100
25.04.2013;0.0452500
26.04.2013;0.0451900
29.04.2013;0.0470600
30.04.2013;0.0491600
02.05.2013;0.0492900
03.05.2013;0.0490000
06.05.2013;0.0493800
07.05.2013;0.0503100
08.05.2013;0.0507300
10.05.2013;0.0497400
13.05.2013;0.0485400
14.05.2013;0.0471700
15.05.2013;0.0453000
16.05.2013;0.0437700
17.05.2013;0.0451800
20.05.2013;0.0470000
21.05.2013;0.0477000
22.05.2013;0.0501500
23.05.2013;0.0479900
24.05.2013;0.0478300
27.05.2013;0.0466400
28.05.2013;0.0474500
29.05.2013;0.0470500
30.05.2013;0.0487600
31.05.2013;0.0458500
03.06.2013;0.0467100
04.06.2013;0.0486700
05.06.2013;0.0479800
06.06.2013;0.0470000
07.06.2013;0.0469700
10.06.2013;0.0470700
11.06.2013;0.0470700
13.06.2013;0.0467600
14.06.2013;0.0472600
17.06.2013;0.0481500
18.06.2013;0.0488100
19.06.2013;0.0490200
20.06.2013;0.0468100
21.06.2013;0.0471300
24.06.2013;0.0469900
25.06.2013;0.0483000
26.06.2013;0.0493700
27.06.2013;0.0478100
28.06.2013;0.0469300
01.07.2013;0.0472500
02.07.2013;0.0474300
03.07.2013;0.0470000
04.07.2013;0.0473600
05.07.2013;0.0475300
08.07.2013;0.0472900
09.07.2013;0.0470000
10.07.2013;0.0457000
11.07.2013;0.0469100
12.07.2013;0.0470600
15.07.2013;0.0466200
16.07.2013;0.0473000
17.07.2013;0.0479000
18.07.2013;0.0467400
19.07.2013;0.0474300
22.07.2013;0.0469100
23.07.2013;0.0469900
24.07.2013;0.0465900
25.07.2013;0.0463600
26.07.2013;0.0466700
29.07.2013;0.0469400
30.07.2013;0.0465000
31.07.2013;0.0475400
01.08.2013;0.0467200
02.08.2013;0.0467000
05.08.2013;0.0462200
06.08.2013;0.0462900
07.08.2013;0.0460900
08.08.2013;0.0452000
09.08.2013;0.0458500
12.08.2013;0.0463800
13.08.2013;0.0472500
14.08.2013;0.0475500
15.08.2013;0.0475100
16.08.2013;0.0469000
19.08.2013;0.0471900
20.08.2013;0.0466400
21.08.2013;0.0467400
22.08.2013;0.0461300
23.08.2013;0.0459000
26.08.2013;0.0456500
27.08.2013;0.0455100
28.08.2013;0.0454200
29.08.2013;0.0452500
30.08.2013;0.0452200
02.09.2013;0.0444100
03.09.2013;0.0445800
04.09.2013;0.0448100
05.09.2013;0.0459300
06.09.2013;0.0444300
09.09.2013;0.0439100
10.09.2013;0.0444500
11.09.2013;0.0442100
12.09.2013;0.0438600
13.09.2013;0.0436900
16.09.2013;0.0441100
17.09.2013;0.0440700
18.09.2013;0.0437900
19.09.2013;0.0438000
20.09.2013;0.0437000
23.09.2013;0.0433800
24.09.2013;0.0442700
25.09.2013;0.0435100
26.09.2013;0.0432700
27.09.2013;0.0430400
30.09.2013;0.0426500
01.10.2013;0.0432200
02.10.2013;0.0426400
03.10.2013;0.0418800
04.10.2013;0.0423400
07.10.2013;0.0423000
08.10.2013;0.0424000
09.10.2013;0.0421100
10.10.2013;0.0425900
11.10.2013;0.0429100
14.10.2013;0.0436100
15.10.2013;0.0436300
16.10.2013;0.0437100
17.10.2013;0.0435500
18.10.2013;0.0443700
21.10.2013;0.0439600
22.10.2013;0.0437900
23.10.2013;0.0428000
24.10.2013;0.0429600
25.10.2013;0.0428700
28.10.2013;0.0436000
29.10.2013;0.0439500
30.10.2013;0.0442600
31.10.2013;0.0443300
01.11.2013;0.0447900
05.11.2013;0.0440700
06.11.2013;0.0445400
07.11.2013;0.0454300
08.11.2013;0.0454700
11.11.2013;0.0453100
12.11.2013;0.0455100
13.11.2013;0.0430800
14.11.2013;0.0444000
15.11.2013;0.0449200
18.11.2013;0.0453400
19.11.2013;0.0459900
20.11.2013;0.0469900
21.11.2013;0.0459600
22.11.2013;0.0466000
25.11.2013;0.0468900
26.11.2013;0.0469700
27.11.2013;0.0467600
28.11.2013;0.0466100
29.11.2013;0.0462000
02.12.2013;0.0460400
03.12.2013;0.0459400
04.12.2013;0.0458900
05.12.2013;0.0454600
06.12.2013;0.0460000
09.12.2013;0.0470000
10.12.2013;0.0464000
11.12.2013;0.0465100
12.12.2013;0.0461000
13.12.2013;0.0460000
16.12.2013;0.0468900
17.12.2013;0.0469900
18.12.2013;0.0470200
19.12.2013;0.0475700
20.12.2013;0.0484600
23.12.2013;0.0487400
24.12.2013;0.0488500
25.12.2013;0.0489200
26.12.2013;0.0494000
27.12.2013;0.0491900
30.12.2013;0.0495000
06.01.2014;0.0484000
08.01.2014;0.0499500
09.01.2014;0.0479800
10.01.2014;0.0483700
13.01.2014;0.0491900
14.01.2014;0.0491000
15.01.2014;0.0490000
16.01.2014;0.0486200
17.01.2014;0.0485200
20.01.2014;0.0483000
21.01.2014;0.0482000
22.01.2014;0.0477600
23.01.2014;0.0476800
24.01.2014;0.0465900
27.01.2014;0.0461100
28.01.2014;0.0463000
29.01.2014;0.0462700
30.01.2014;0.0453000
31.01.2014;0.0458800
03.02.2014;0.0451100
04.02.2014;0.0452200
05.02.2014;0.0461200
06.02.2014;0.0460300
07.02.2014;0.0460000
10.02.2014;0.0455900
11.02.2014;0.0452200
12.02.2014;0.0464600
13.02.2014;0.0456400
14.02.2014;0.0459500
17.02.2014;0.0461200
18.02.2014;0.0461300
19.02.2014;0.0450600
20.02.2014;0.0449700
21.02.2014;0.0454900
24.02.2014;0.0450100
25.02.2014;0.0447300
26.02.2014;0.0440000
27.02.2014;0.0424500
28.02.2014;0.0421000
03.03.2014;0.0351800
04.03.2014;0.0373500
05.03.2014;0.0360200
06.03.2014;0.0352500
07.03.2014;0.0352700
11.03.2014;0.0334000
12.03.2014;0.0318800
13.03.2014;0.0317200
14.03.2014;0.0316800
17.03.2014;0.0330600
18.03.2014;0.0359800
19.03.2014;0.0341500
20.03.2014;0.0347900
21.03.2014;0.0340000
24.03.2014;0.0366800
25.03.2014;0.0351900
26.03.2014;0.0367000
27.03.2014;0.0362200
28.03.2014;0.0380100
31.03.2014;0.0395100
01.04.2014;0.0395800
02.04.2014;0.0387400
03.04.2014;0.0380200
04.04.2014;0.0393200
07.04.2014;0.0375000
08.04.2014;0.0382100
09.04.2014;0.0384500
10.04.2014;0.0408200
11.04.2014;0.0409500
14.04.2014;0.0392600
15.04.2014;0.0387500
16.04.2014;0.0385800
17.04.2014;0.0382000
18.04.2014;0.0389000
21.04.2014;0.0389300
22.04.2014;0.0385300
23.04.2014;0.0384600
24.04.2014;0.0372000
25.04.2014;0.0374700
28.04.2014;0.0380700
29.04.2014;0.0385400
30.04.2014;0.0409100
02.05.2014;0.0385900
05.05.2014;0.0388800
06.05.2014;0.0409900
07.05.2014;0.0419400
08.05.2014;0.0423000
12.05.2014;0.0438500
13.05.2014;0.0451400
14.05.2014;0.0448600
15.05.2014;0.0443000
16.05.2014;0.0446000
19.05.2014;0.0459700
20.05.2014;0.0466500
21.05.2014;0.0471800
22.05.2014;0.0469700
23.05.2014;0.0474400
26.05.2014;0.0480000
27.05.2014;0.0468000
28.05.2014;0.0468100
29.05.2014;0.0480000
30.05.2014;0.0478100
02.06.2014;0.0496100
03.06.2014;0.0508500
04.06.2014;0.0510900
05.06.2014;0.0483500
06.06.2014;0.0469200
09.06.2014;0.0474200
10.06.2014;0.0470200
11.06.2014;0.0465600
16.06.2014;0.0467700
17.06.2014;0.0465500
18.06.2014;0.0459500
19.06.2014;0.0457000
20.06.2014;0.0445600
23.06.2014;0.0445800
24.06.2014;0.0445100
25.06.2014;0.0432500
26.06.2014;0.0426700
27.06.2014;0.0421000
30.06.2014;0.0414000
01.07.2014;0.0410400
02.07.2014;0.0415800
03.07.2014;0.0421000
04.07.2014;0.0410300
07.07.2014;0.0428200
08.07.2014;0.0429700
09.07.2014;0.0425100
10.07.2014;0.0420000
11.07.2014;0.0415500
14.07.2014;0.0417100
15.07.2014;0.0409000
16.07.2014;0.0412000
17.07.2014;0.0406200
18.07.2014;0.0401900
21.07.2014;0.0405000
22.07.2014;0.0410100
23.07.2014;0.0402300
24.07.2014;0.0401000
25.07.2014;0.0401900
28.07.2014;0.0403400
29.07.2014;0.0401400
30.07.2014;0.0396400
31.07.2014;0.0396000
01.08.2014;0.0397000
04.08.2014;0.0406800
05.08.2014;0.0411100
06.08.2014;0.0391000
07.08.2014;0.0385900
08.08.2014;0.0376600
11.08.2014;0.0391500
12.08.2014;0.0385000
13.08.2014;0.0389200
14.08.2014;0.0392900
15.08.2014;0.0394000
18.08.2014;0.0390000
19.08.2014;0.0394200
20.08.2014;0.0395000
21.08.2014;0.0400800
22.08.2014;0.0395100
25.08.2014;0.0403300
26.08.2014;0.0402400
27.08.2014;0.0399900
28.08.2014;0.0383800
29.08.2014;0.0377600
01.09.2014;0.0388900
02.09.2014;0.0380900
03.09.2014;0.0397000
04.09.2014;0.0408100
05.09.2014;0.0414500
08.09.2014;0.0405500
09.09.2014;0.0405700
10.09.2014;0.0403400
11.09.2014;0.0396900
12.09.2014;0.0400000
15.09.2014;0.0391000
16.09.2014;0.0402600
17.09.2014;0.0403500
18.09.2014;0.0400200
19.09.2014;0.0398100
22.09.2014;0.0396000
23.09.2014;0.0405400
24.09.2014;0.0409100
25.09.2014;0.0404700
26.09.2014;0.0403600
29.09.2014;0.0395200
30.09.2014;0.0391700
01.10.2014;0.0386700
02.10.2014;0.0379300
03.10.2014;0.0389400
06.10.2014;0.0400000
07.10.2014;0.0390000
08.10.2014;0.0382100
09.10.2014;0.0384900
10.10.2014;0.0390600
13.10.2014;0.0390000
14.10.2014;0.0392400
15.10.2014;0.0388900
16.10.2014;0.0388400
17.10.2014;0.0398000
20.10.2014;0.0391300
21.10.2014;0.0395600
22.10.2014;0.0382500
23.10.2014;0.0378600
24.10.2014;0.0382100
27.10.2014;0.0384100
28.10.2014;0.0389200
29.10.2014;0.0390500
30.10.2014;0.0397800
31.10.2014;0.0394700
03.11.2014;0.0399200
05.11.2014;0.0398100
06.11.2014;0.0400300
07.11.2014;0.0403500
10.11.2014;0.0421200
11.11.2014;0.0422100
12.11.2014;0.0438800
13.11.2014;0.0446800
14.11.2014;0.0436400
17.11.2014;0.0436000
18.11.2014;0.0438400
19.11.2014;0.0441500
20.11.2014;0.0440400
21.11.2014;0.0452600
24.11.2014;0.0460000
25.11.2014;0.0466900
26.11.2014;0.0471500
27.11.2014;0.0465900
28.11.2014;0.0462700
01.12.2014;0.0467900
02.12.2014;0.0472000
03.12.2014;0.0492400
04.12.2014;0.0520000
05.12.2014;0.0508600
08.12.2014;0.0504100
09.12.2014;0.0524100
10.12.2014;0.0534100
11.12.2014;0.0554600
12.12.2014;0.0575200
15.12.2014;0.0568500
16.12.2014;0.0554900
17.12.2014;0.0547600
18.12.2014;0.0547600
19.12.2014;0.0550500
22.12.2014;0.0608800
23.12.2014;0.0608700
24.12.2014;0.0660000
25.12.2014;0.0698100
26.12.2014;0.0690000
29.12.2014;0.0668000
30.12.2014;0.0661300
05.01.2015;0.0673400
06.01.2015;0.0669000
08.01.2015;0.0677900
09.01.2015;0.0655000
12.01.2015;0.0637900
13.01.2015;0.0619500
14.01.2015;0.0610600
15.01.2015;0.0630000
16.01.2015;0.0649500
19.01.2015;0.0651900
20.01.2015;0.0622400
21.01.2015;0.0629900
22.01.2015;0.0638900
23.01.2015;0.0635200
26.01.2015;0.0629800
27.01.2015;0.0632000
28.01.2015;0.0668100
29.01.2015;0.0655500
30.01.2015;0.0676400
02.02.2015;0.0663300
03.02.2015;0.0673500
04.02.2015;0.0667000
05.02.2015;0.0678000
06.02.2015;0.0685000
09.02.2015;0.0682200
10.02.2015;0.0683900
11.02.2015;0.0690000
12.02.2015;0.0689800
13.02.2015;0.0689000
16.02.2015;0.0679600
17.02.2015;0.0669700
18.02.2015;0.0673100
19.02.2015;0.0689600
20.02.2015;0.0664000
24.02.2015;0.0638900
25.02.2015;0.0662400
26.02.2015;0.0703000
27.02.2015;0.0677500
02.03.2015;0.0679800
03.03.2015;0.0692100
04.03.2015;0.0682100
05.03.2015;0.0662700
06.03.2015;0.0652900
10.03.2015;0.0633500
11.03.2015;0.0634000
12.03.2015;0.0642500
13.03.2015;0.0629900
16.03.2015;0.0619900
17.03.2015;0.0610600
18.03.2015;0.0613000
19.03.2015;0.0619500
20.03.2015;0.0625800
23.03.2015;0.0616700
24.03.2015;0.0628000
25.03.2015;0.0628300
26.03.2015;0.0605800
27.03.2015;0.0605500
30.03.2015;0.0600300
31.03.2015;0.0604000
01.04.2015;0.0602500
02.04.2015;0.0615000
03.04.2015;0.0614500
06.04.2015;0.0624300
07.04.2015;0.0602100
08.04.2015;0.0600500
09.04.2015;0.0591200
10.04.2015;0.0588000
13.04.2015;0.0582500
14.04.2015;0.0576000
15.04.2015;0.0583400
16.04.2015;0.0582700
17.04.2015;0.0583100
20.04.2015;0.0580000
21.04.2015;0.0585800
22.04.2015;0.0580400
23.04.2015;0.0574000
24.04.2015;0.0595900
27.04.2015;0.0603700
28.04.2015;0.0622100
29.04.2015;0.0635400
30.04.2015;0.0651800
05.05.2015;0.0683400
06.05.2015;0.0681800
07.05.2015;0.0676000
08.05.2015;0.0670600
12.05.2015;0.0664500
13.05.2015;0.0656100
14.05.2015;0.0654500
15.05.2015;0.0683100
18.05.2015;0.0708300
19.05.2015;0.0718100
20.05.2015;0.0717800
21.05.2015;0.0742800
22.05.2015;0.0772200
25.05.2015;0.0794900
26.05.2015;0.0810000
27.05.2015;0.0825400
28.05.2015;0.0810200
29.05.2015;0.0803800
01.06.2015;0.0804200
02.06.2015;0.0805000
03.06.2015;0.0808000
04.06.2015;0.0809900
05.06.2015;0.0811500
08.06.2015;0.0819100
09.06.2015;0.0813900
10.06.2015;0.0804400
11.06.2015;0.0804900
15.06.2015;0.0803200
16.06.2015;0.0799800
17.06.2015;0.0800000
18.06.2015;0.0800000
19.06.2015;0.0799300
22.06.2015;0.0793500
23.06.2015;0.0783000
24.06.2015;0.0775700
25.06.2015;0.0780300
26.06.2015;0.0780500
29.06.2015;0.0779000
30.06.2015;0.0786300
01.07.2015;0.0774400
02.07.2015;0.0776000
03.07.2015;0.0761000
06.07.2015;0.0745100
07.07.2015;0.0747600
08.07.2015;0.0739400
09.07.2015;0.0732000
10.07.2015;0.0751400
13.07.2015;0.0745100
14.07.2015;0.0750500
15.07.2015;0.0746800
16.07.2015;0.0743500
17.07.2015;0.0740100
20.07.2015;0.0730700
21.07.2015;0.0733200
22.07.2015;0.0732400
23.07.2015;0.0731300
24.07.2015;0.0721000
27.07.2015;0.0715200
28.07.2015;0.0723000
29.07.2015;0.0719200
30.07.2015;0.0718700
31.07.2015;0.0710800
03.08.2015;0.0720700
04.08.2015;0.0707600
05.08.2015;0.0709500
06.08.2015;0.0708100
07.08.2015;0.0708200
10.08.2015;0.0704200
11.08.2015;0.0703000
12.08.2015;0.0700800
13.08.2015;0.0703100
14.08.2015;0.0705600
17.08.2015;0.0705100
18.08.2015;0.0699900
19.08.2015;0.0691100
20.08.2015;0.0691200
21.08.2015;0.0689000
24.08.2015;0.0674700
25.08.2015;0.0700500
26.08.2015;0.0696300
27.08.2015;0.0694800
28.08.2015;0.0699400
31.08.2015;0.0691800
01.09.2015;0.0670600
02.09.2015;0.0665100
03.09.2015;0.0677000
04.09.2015;0.0674900
07.09.2015;0.0681300
08.09.2015;0.0698700
09.09.2015;0.0691500
10.09.2015;0.0686900
11.09.2015;0.0697400
14.09.2015;0.0697500
15.09.2015;0.0698400
16.09.2015;0.0684400
17.09.2015;0.0693200
18.09.2015;0.0690100
21.09.2015;0.0683000
22.09.2015;0.0668200
23.09.2015;0.0665800
24.09.2015;0.0672400
25.09.2015;0.0668100
28.09.2015;0.0666900
29.09.2015;0.0667600
30.09.2015;0.0676700
01.10.2015;0.0677000
02.10.2015;0.0668900
05.10.2015;0.0681700
06.10.2015;0.0687800
07.10.2015;0.0719900
08.10.2015;0.0743300
09.10.2015;0.0761100
12.10.2015;0.0780000
13.10.2015;0.0770100
14.10.2015;0.0770000
15.10.2015;0.0780000
16.10.2015;0.0755300
19.10.2015;0.0755700
20.10.2015;0.0749800
21.10.2015;0.0749900
22.10.2015;0.0748400
23.10.2015;0.0746900
26.10.2015;0.0722600
27.10.2015;0.0727300
28.10.2015;0.0719400
29.10.2015;0.0720000
30.10.2015;0.0720900
02.11.2015;0.0732000
03.11.2015;0.0737300
05.11.2015;0.0759900
06.11.2015;0.0745900
09.11.2015;0.0769900
10.11.2015;0.0750500
11.11.2015;0.0757500
12.11.2015;0.0751100
13.11.2015;0.0757700
16.11.2015;0.0756000
17.11.2015;0.0765800
18.11.2015;0.0756300
19.11.2015;0.0751300
20.11.2015;0.0754300
23.11.2015;0.0760100
24.11.2015;0.0727500
25.11.2015;0.0743600
26.11.2015;0.0755500
27.11.2015;0.0734300
30.11.2015;0.0716500
01.12.2015;0.0731300
02.12.2015;0.0721700
03.12.2015;0.0722000
04.12.2015;0.0721500
07.12.2015;0.0723400
08.12.2015;0.0724500
09.12.2015;0.0755100
10.12.2015;0.0755700
11.12.2015;0.0759900
14.12.2015;0.0754200
15.12.2015;0.0755800
16.12.2015;0.0774900
17.12.2015;0.0785100
18.12.2015;0.0761800
21.12.2015;0.0761000
22.12.2015;0.0776500
23.12.2015;0.0781800
24.12.2015;0.0771800
25.12.2015;0.0769100
28.12.2015;0.0760500
29.12.2015;0.0781300
30.12.2015;0.0791000
04.01.2016;0.0770800
05.01.2016;0.0755600
06.01.2016;0.0750000
11.01.2016;0.0728600
12.01.2016;0.0742800
13.01.2016;0.0719700
14.01.2016;0.0719700
15.01.2016;0.0693500
18.01.2016;0.0694000
19.01.2016;0.0691100
20.01.2016;0.0672000
21.01.2016;0.0670500
22.01.2016;0.0693800
25.01.2016;0.0688600
26.01.2016;0.0677700
27.01.2016;0.0682600
28.01.2016;0.0712400
29.01.2016;0.0725800
01.02.2016;0.0730500
02.02.2016;0.0709500
03.02.2016;0.0712700
04.02.2016;0.0722400
05.02.2016;0.0709500
08.02.2016;0.0698100
09.02.2016;0.0686000
10.02.2016;0.0697800
11.02.2016;0.0680100
12.02.2016;0.0691900
15.02.2016;0.0703400
16.02.2016;0.0707000
17.02.2016;0.0713400
18.02.2016;0.0733800
19.02.2016;0.0730000
20.02.2016;0.0723500
22.02.2016;0.0733400
24.02.2016;0.0714400
25.02.2016;0.0716500
26.02.2016;0.0717400
29.02.2016;0.0723900
01.03.2016;0.0725500
02.03.2016;0.0726200
03.03.2016;0.0730000
04.03.2016;0.0741400
07.03.2016;0.0767800
09.03.2016;0.0759500
10.03.2016;0.0755800
11.03.2016;0.0767700
14.03.2016;0.0747500
15.03.2016;0.0742900
16.03.2016;0.0755200
17.03.2016;0.0769100
18.03.2016;0.0779100
21.03.2016;0.0752900
22.03.2016;0.0737200
23.03.2016;0.0739900
24.03.2016;0.0740000
25.03.2016;0.0737700
28.03.2016;0.0724700
29.03.2016;0.0728400
30.03.2016;0.0744700
31.03.2016;0.0760100
01.04.2016;0.0744900
04.04.2016;0.0751600
05.04.2016;0.0742600
06.04.2016;0.0744500
07.04.2016;0.0741100
08.04.2016;0.0749300
11.04.2016;0.0771900
12.04.2016;0.0757000
13.04.2016;0.0767600
14.04.2016;0.0744000
15.04.2016;0.0750900
18.04.2016;0.0731300
19.04.2016;0.0734000
20.04.2016;0.0730900
21.04.2016;0.0717500
22.04.2016;0.0732900
25.04.2016;0.0715800
26.04.2016;0.0706400
27.04.2016;0.0691300
28.04.2016;0.0707600
29.04.2016;0.0708500
04.05.2016;0.0697000
05.05.2016;0.0694900
06.05.2016;0.0676500
10.05.2016;0.0685000
11.05.2016;0.0691800
12.05.2016;0.0687800
13.05.2016;0.0688200
16.05.2016;0.0697400
17.05.2016;0.0692000
18.05.2016;0.0692000
19.05.2016;0.0682300
20.05.2016;0.0680900
23.05.2016;0.0680000
24.05.2016;0.0691800
25.05.2016;0.0696000
26.05.2016;0.0695700
27.05.2016;0.0695400
30.05.2016;0.0697400
31.05.2016;0.0685100
01.06.2016;0.0688200
02.06.2016;0.0682800
03.06.2016;0.0683800
06.06.2016;0.0694400
07.06.2016;0.0708500
08.06.2016;0.0722000
09.06.2016;0.0730400
10.06.2016;0.0727400
14.06.2016;0.0710000
15.06.2016;0.0700900
16.06.2016;0.0692000
17.06.2016;0.0694600
20.06.2016;0.0698900
21.06.2016;0.0718200
22.06.2016;0.0694900
23.06.2016;0.0693700
24.06.2016;0.0684900
27.06.2016;0.0668400
28.06.2016;0.0675000
29.06.2016;0.0686300
30.06.2016;0.0695500
01.07.2016;0.0675000
04.07.2016;0.0676900
05.07.2016;0.0673300
06.07.2016;0.0671900
07.07.2016;0.0683900
08.07.2016;0.0685100
11.07.2016;0.0689900
12.07.2016;0.0692700
13.07.2016;0.0675800
14.07.2016;0.0679000
15.07.2016;0.0678100
18.07.2016;0.0682700
19.07.2016;0.0670300
20.07.2016;0.0676600
21.07.2016;0.0677900
22.07.2016;0.0672300
25.07.2016;0.0673600
26.07.2016;0.0678100
27.07.2016;0.0681600
28.07.2016;0.0684100
29.07.2016;0.0675600
01.08.2016;0.0666800
02.08.2016;0.0673500
03.08.2016;0.0668100
04.08.2016;0.0684100
05.08.2016;0.0676700
08.08.2016;0.0678800
09.08.2016;0.0677500
10.08.2016;0.0675400
11.08.2016;0.0670100
12.08.2016;0.0679000
15.08.2016;0.0672900
16.08.2016;0.0669100
17.08.2016;0.0666800
18.08.2016;0.0687100
19.08.2016;0.0666700
22.08.2016;0.0666000
23.08.2016;0.0672500
24.08.2016;0.0667700
25.08.2016;0.0670400
26.08.2016;0.0668900
29.08.2016;0.0669000
30.08.2016;0.0681100
31.08.2016;0.0683700
01.09.2016;0.0702800
02.09.2016;0.0730600
05.09.2016;0.0743900
06.09.2016;0.0741500
07.09.2016;0.0750100
08.09.2016;0.0763700
09.09.2016;0.0765600
12.09.2016;0.0749700
13.09.2016;0.0749400
14.09.2016;0.0746600
15.09.2016;0.0746200
16.09.2016;0.0745100
19.09.2016;0.0747500
20.09.2016;0.0738000
21.09.2016;0.0746600
22.09.2016;0.0754400
23.09.2016;0.0754000
26.09.2016;0.0749600
27.09.2016;0.0732200
28.09.2016;0.0730000
29.09.2016;0.0739300
30.09.2016;0.0712500
03.10.2016;0.0719900
04.10.2016;0.0717400
05.10.2016;0.0701400
06.10.2016;0.0699100
07.10.2016;0.0701200
10.10.2016;0.0703800
11.10.2016;0.0700700
12.10.2016;0.0690800
13.10.2016;0.0681500
14.10.2016;0.0678200
17.10.2016;0.0681600
18.10.2016;0.0676300
19.10.2016;0.0683700
20.10.2016;0.0675000
21.10.2016;0.0673100
24.10.2016;0.0681500
25.10.2016;0.0689800
26.10.2016;0.0675400
27.10.2016;0.0680600
28.10.2016;0.0680700
31.10.2016;0.0680000
01.11.2016;0.0676900
02.11.2016;0.0672100
03.11.2016;0.0669200
07.11.2016;0.0669400
08.11.2016;0.0676700
09.11.2016;0.0690000
10.11.2016;0.0691800
11.11.2016;0.0675500
14.11.2016;0.0689900
15.11.2016;0.0675000
16.11.2016;0.0681000
17.11.2016;0.0678000
18.11.2016;0.0675300
21.11.2016;0.0699900
22.11.2016;0.0670100
23.11.2016;0.0652900
24.11.2016;0.0676200
25.11.2016;0.0670100
28.11.2016;0.0709400
29.11.2016;0.0709900
30.11.2016;0.0691000
01.12.2016;0.0675100
02.12.2016;0.0709900
05.12.2016;0.0687900
06.12.2016;0.0684900
07.12.2016;0.0685000
08.12.2016;0.0691900
09.12.2016;0.0750200
12.12.2016;0.0733600
13.12.2016;0.0739900
14.12.2016;0.0718500
15.12.2016;0.0725800
16.12.2016;0.0742600
19.12.2016;0.0725300
20.12.2016;0.0723000
21.12.2016;0.0713400
22.12.2016;0.0717300
23.12.2016;0.0715600
26.12.2016;0.0716400
27.12.2016;0.0727600
28.12.2016;0.0730800
29.12.2016;0.0741000
30.12.2016;0.0738900
03.01.2017;0.0747900
04.01.2017;0.0732000
05.01.2017;0.0713300
06.01.2017;0.0714700
09.01.2017;0.0708200
10.01.2017;0.0708700
11.01.2017;0.0698900
12.01.2017;0.0698000
13.01.2017;0.0693200
16.01.2017;0.0700900
17.01.2017;0.0693000
18.01.2017;0.0686000
19.01.2017;0.0687700
20.01.2017;0.0687600
23.01.2017;0.0684100
24.01.2017;0.0686600
25.01.2017;0.0687000
26.01.2017;0.0693100
27.01.2017;0.0698000
30.01.2017;0.0693500
31.01.2017;0.0690100
01.02.2017;0.0692600
02.02.2017;0.0692600
03.02.2017;0.0690200
06.02.2017;0.0686300
07.02.2017;0.0686500
08.02.2017;0.0683700
09.02.2017;0.0689700
10.02.2017;0.0683900
13.02.2017;0.0677100
14.02.2017;0.0674100
15.02.2017;0.0681200
16.02.2017;0.0675700
17.02.2017;0.0678700
20.02.2017;0.0682500
21.02.2017;0.0669200
22.02.2017;0.0678000
24.02.2017;0.0674900
27.02.2017;0.0672800
28.02.2017;0.0666800
01.03.2017;0.0664200
02.03.2017;0.0652500
03.03.2017;0.0651800
06.03.2017;0.0660000
07.03.2017;0.0651500
09.03.2017;0.0646300
10.03.2017;0.0651600
13.03.2017;0.0652300
14.03.2017;0.0650400
15.03.2017;0.0652000
16.03.2017;0.0651100
17.03.2017;0.0658000
20.03.2017;0.0673700
21.03.2017;0.0665100
22.03.2017;0.0668000
23.03.2017;0.0669000
24.03.2017;0.0662300
27.03.2017;0.0655700
28.03.2017;0.0659200
29.03.2017;0.0655700
30.03.2017;0.0665200
31.03.2017;0.0660300
03.04.2017;0.0663000
04.04.2017;0.0667300
05.04.2017;0.0672300
06.04.2017;0.0661100
07.04.2017;0.0655700
10.04.2017;0.0638400
11.04.2017;0.0649900
12.04.2017;0.0635300
13.04.2017;0.0644000
14.04.2017;0.0636300
17.04.2017;0.0639000
18.04.2017;0.0637500
19.04.2017;0.0639100
20.04.2017;0.0641200
21.04.2017;0.0650100
24.04.2017;0.0655800
25.04.2017;0.0664100
26.04.2017;0.0680800
27.04.2017;0.0668300
28.04.2017;0.0667500
02.05.2017;0.0673100
03.05.2017;0.0682400
04.05.2017;0.0670600
05.05.2017;0.0655900
10.05.2017;0.0684100
11.05.2017;0.0661200
12.05.2017;0.0653200
15.05.2017;0.0664000
16.05.2017;0.0672200
17.05.2017;0.0666400
18.05.2017;0.0658400
19.05.2017;0.0667100
22.05.2017;0.0657200
23.05.2017;0.0671300
24.05.2017;0.0667200
25.05.2017;0.0667200
26.05.2017;0.0666400
29.05.2017;0.0658200
30.05.2017;0.0661500
31.05.2017;0.0653500
01.06.2017;0.0650000
02.06.2017;0.0650000
05.06.2017;0.0647300
06.06.2017;0.0647000
07.06.2017;0.0644100
08.06.2017;0.0644800
09.06.2017;0.0650000
13.06.2017;0.0649600
14.06.2017;0.0638100
15.06.2017;0.0635200
16.06.2017;0.0639000
19.06.2017;0.0634700
20.06.2017;0.0666700
21.06.2017;0.0638500
22.06.2017;0.0640000
23.06.2017;0.0640900
26.06.2017;0.0637100
27.06.2017;0.0633200
28.06.2017;0.0637800
29.06.2017;0.0637200
30.06.2017;0.0640000
03.07.2017;0.0646000
04.07.2017;0.0648900
05.07.2017;0.0639000
06.07.2017;0.0640400
07.07.2017;0.0638700
10.07.2017;0.0637200
11.07.2017;0.0635400
12.07.2017;0.0634900
13.07.2017;0.0635500
14.07.2017;0.0636900
17.07.2017;0.0636300
18.07.2017;0.0631600
19.07.2017;0.0637300
20.07.2017;0.0648600
21.07.2017;0.0635800
24.07.2017;0.0635700
25.07.2017;0.0631200
26.07.2017;0.0637500
27.07.2017;0.0633200
28.07.2017;0.0614800
31.07.2017;0.0597300
01.08.2017;0.0601700
02.08.2017;0.0614200
03.08.2017;0.0624800
04.08.2017;0.0611900
07.08.2017;0.0619500
08.08.2017;0.0622900
09.08.2017;0.0615300
10.08.2017;0.0605100
11.08.2017;0.0601400
14.08.2017;0.0605300
15.08.2017;0.0612400
16.08.2017;0.0603300
17.08.2017;0.0597300
18.08.2017;0.0596000
21.08.2017;0.0594500
22.08.2017;0.0595000
23.08.2017;0.0606800
24.08.2017;0.0605400
25.08.2017;0.0604300
28.08.2017;0.0599500
29.08.2017;0.0597500
30.08.2017;0.0649800
31.08.2017;0.0647800
01.09.2017;0.0638100
04.09.2017;0.0616500
05.09.2017;0.0600400
06.09.2017;0.0606700
07.09.2017;0.0606900
08.09.2017;0.0612000
11.09.2017;0.0624100
12.09.2017;0.0639700
13.09.2017;0.0627100
14.09.2017;0.0634500
15.09.2017;0.0626300
18.09.2017;0.0621100
19.09.2017;0.0617500
20.09.2017;0.0615500
21.09.2017;0.0613700
22.09.2017;0.0614400
25.09.2017;0.0624300
26.09.2017;0.0623200
27.09.2017;0.0616200
28.09.2017;0.0620900
29.09.2017;0.0617500
02.10.2017;0.0614700
03.10.2017;0.0617500
04.10.2017;0.0615300
05.10.2017;0.0612500
06.10.2017;0.0616900
09.10.2017;0.0615300
10.10.2017;0.0583400
11.10.2017;0.0615000
12.10.2017;0.0614800
13.10.2017;0.0610300
16.10.2017;0.0614700
17.10.2017;0.0603100
18.10.2017;0.0607100
19.10.2017;0.0601200
20.10.2017;0.0604800
23.10.2017;0.0601200
24.10.2017;0.0619700
25.10.2017;0.0608000
26.10.2017;0.0602700
27.10.2017;0.0602400
30.10.2017;0.0602200
31.10.2017;0.0601000
01.11.2017;0.0587300
02.11.2017;0.0619800
03.11.2017;0.0596000
07.11.2017;0.0603500
08.11.2017;0.0600100
09.11.2017;0.0627600
10.11.2017;0.0603700
13.11.2017;0.0601100
14.11.2017;0.0595000
15.11.2017;0.0557000
16.11.2017;0.0509500
17.11.2017;0.0534300
20.11.2017;0.0544100
21.11.2017;0.0547200
22.11.2017;0.0539900
23.11.2017;0.0523300
24.11.2017;0.0542300
27.11.2017;0.0523900
28.11.2017;0.0542500
29.11.2017;0.0522100
30.11.2017;0.0509200
01.12.2017;0.0516300
04.12.2017;0.0511000
05.12.2017;0.0510200
06.12.2017;0.0513900
07.12.2017;0.0509800
08.12.2017;0.0509800
11.12.2017;0.0528000
12.12.2017;0.0508600
13.12.2017;0.0503100
14.12.2017;0.0499300
15.12.2017;0.0499100
18.12.2017;0.0499900
19.12.2017;0.0486000
20.12.2017;0.0460100
21.12.2017;0.0451600
22.12.2017;0.0465500
25.12.2017;0.0468600
26.12.2017;0.0472000
27.12.2017;0.0475700
28.12.2017;0.0463600
29.12.2017;0.0473000
03.01.2018;0.0493600
04.01.2018;0.0499800
05.01.2018;0.0500000
09.01.2018;0.0508400
10.01.2018;0.0510100
11.01.2018;0.0505100
12.01.2018;0.0507900
15.01.2018;0.0506100
16.01.2018;0.0508000
17.01.2018;0.0508300
18.01.2018;0.0508200
19.01.2018;0.0488800
22.01.2018;0.0498600
23.01.2018;0.0494900
24.01.2018;0.0491200
25.01.2018;0.0497500
26.01.2018;0.0492200
29.01.2018;0.0493200
30.01.2018;0.0494400
31.01.2018;0.0490000
01.02.2018;0.0492200
02.02.2018;0.0491600
05.02.2018;0.0494600
06.02.2018;0.0476100
07.02.2018;0.0477500
08.02.2018;0.0474000
09.02.2018;0.0471300
12.02.2018;0.0471700
13.02.2018;0.0472800
14.02.2018;0.0477800
15.02.2018;0.0474800
16.02.2018;0.0475400
19.02.2018;0.0475100
20.02.2018;0.0481100
21.02.2018;0.0489100
22.02.2018;0.0519900
26.02.2018;0.0546000
27.02.2018;0.0540000
28.02.2018;0.0535200
01.03.2018;0.0524200
02.03.2018;0.0525900
05.03.2018;0.0521200
06.03.2018;0.0529700
07.03.2018;0.0540600
09.03.2018;0.0564200
12.03.2018;0.0559300
13.03.2018;0.0555000
14.03.2018;0.0539600
15.03.2018;0.0534300
16.03.2018;0.0535800
19.03.2018;0.0540800
20.03.2018;0.0536800
21.03.2018;0.0546200
22.03.2018;0.0539300
23.03.2018;0.0529600
26.03.2018;0.0514900
27.03.2018;0.0517100
28.03.2018;0.0509400
29.03.2018;0.0513000
30.03.2018;0.0512800
02.04.2018;0.0511700
03.04.2018;0.0520200
04.04.2018;0.0523600
05.04.2018;0.0534400
06.04.2018;0.0549900
09.04.2018;0.0510000
10.04.2018;0.0505700
11.04.2018;0.0500800
12.04.2018;0.0508000
13.04.2018;0.0510000
16.04.2018;0.0529200
17.04.2018;0.0523900
18.04.2018;0.0525700
19.04.2018;0.0523400
20.04.2018;0.0523700
23.04.2018;0.0528000
24.04.2018;0.0527900
25.04.2018;0.0529700
26.04.2018;0.0528300
27.04.2018;0.0524000
28.04.2018;0.0527800
30.04.2018;0.0528100
02.05.2018;0.0533300
03.05.2018;0.0527300
04.05.2018;0.0526800
07.05.2018;0.0527600
08.05.2018;0.0526000
10.05.2018;0.0527000
11.05.2018;0.0520700
14.05.2018;0.0524900
15.05.2018;0.0514800
16.05.2018;0.0514600
17.05.2018;0.0515100
18.05.2018;0.0514300
21.05.2018;0.0516400
22.05.2018;0.0516200
23.05.2018;0.0515100
24.05.2018;0.0514700
25.05.2018;0.0511800
28.05.2018;0.0541500
29.05.2018;0.0515600
30.05.2018;0.0513800
31.05.2018;0.0508000
01.06.2018;0.0479100
04.06.2018;0.0471100
05.06.2018;0.0472000
06.06.2018;0.0473500
07.06.2018;0.0469900
08.06.2018;0.0455600
09.06.2018;0.0455900
11.06.2018;0.0454700
13.06.2018;0.0449500
14.06.2018;0.0447500
15.06.2018;0.0445500
18.06.2018;0.0462600
19.06.2018;0.0459200
20.06.2018;0.0468300
21.06.2018;0.0474100
22.06.2018;0.0468500
25.06.2018;0.0467100
26.06.2018;0.0471300
27.06.2018;0.0475100
28.06.2018;0.0479900
29.06.2018;0.0481500
02.07.2018;0.0480800
03.07.2018;0.0486300
04.07.2018;0.0486500
05.07.2018;0.0485600
06.07.2018;0.0484800
09.07.2018;0.0491500
10.07.2018;0.0486900
11.07.2018;0.0486000
12.07.2018;0.0484800
13.07.2018;0.0494600
16.07.2018;0.0495700
17.07.2018;0.0487000
18.07.2018;0.0485500
19.07.2018;0.0480500
20.07.2018;0.0483700
23.07.2018;0.0484200
24.07.2018;0.0483400
25.07.2018;0.0478200
26.07.2018;0.0477900
27.07.2018;0.0479400
30.07.2018;0.0479200
31.07.2018;0.0482500
01.08.2018;0.0484500
02.08.2018;0.0475800
03.08.2018;0.0471700
06.08.2018;0.0469200
07.08.2018;0.0470700
08.08.2018;0.0456100
09.08.2018;0.0449900
10.08.2018;0.0432600
13.08.2018;0.0432200
14.08.2018;0.0436100
15.08.2018;0.0432700
16.08.2018;0.0438000
17.08.2018;0.0436300
20.08.2018;0.0442400
21.08.2018;0.0441800
22.08.2018;0.0427300
23.08.2018;0.0412400
24.08.2018;0.0414000
27.08.2018;0.0420400
28.08.2018;0.0417400
29.08.2018;0.0419700
30.08.2018;0.0415400
31.08.2018;0.0418500
03.09.2018;0.0411700
04.09.2018;0.0395900
05.09.2018;0.0403200
06.09.2018;0.0403200
07.09.2018;0.0395800
10.09.2018;0.0390800
11.09.2018;0.0390700
12.09.2018;0.0397900
13.09.2018;0.0404000
14.09.2018;0.0402100
17.09.2018;0.0400900
18.09.2018;0.0413100
19.09.2018;0.0414800
20.09.2018;0.0411900
21.09.2018;0.0415300
24.09.2018;0.0421500
25.09.2018;0.0419900
26.09.2018;0.0411600
27.09.2018;0.0414800
28.09.2018;0.0406000
01.10.2018;0.0403600
02.10.2018;0.0402200
03.10.2018;0.0408800
04.10.2018;0.0402600
05.10.2018;0.0398000
08.10.2018;0.0398000
09.10.2018;0.0385600
10.10.2018;0.0382300
11.10.2018;0.0374900
12.10.2018;0.0382600
15.10.2018;0.0384000
16.10.2018;0.0384500
17.10.2018;0.0386400
18.10.2018;0.0380200
19.10.2018;0.0374900
22.10.2018;0.0363700
23.10.2018;0.0360000
24.10.2018;0.0369700
25.10.2018;0.0362500
26.10.2018;0.0359900
29.10.2018;0.0368200
30.10.2018;0.0361200
31.10.2018;0.0370600
01.11.2018;0.0376900
02.11.2018;0.0362750
06.11.2018;0.0366900
07.11.2018;0.0376800
08.11.2018;0.0369450
09.11.2018;0.0357550
12.11.2018;0.0377750
13.11.2018;0.0380550
14.11.2018;0.0380900
15.11.2018;0.0393100
16.11.2018;0.0382200
19.11.2018;0.0386050
20.11.2018;0.0375050
21.11.2018;0.0380000
22.11.2018;0.0393500
23.11.2018;0.0374950
26.11.2018;0.0364800
27.11.2018;0.0366200
28.11.2018;0.0374800
29.11.2018;0.0377250
30.11.2018;0.0371300
03.12.2018;0.0364150
04.12.2018;0.0363950
05.12.2018;0.0371000
06.12.2018;0.0365100
07.12.2018;0.0369800
10.12.2018;0.0364050
11.12.2018;0.0363500
12.12.2018;0.0365500
13.12.2018;0.0363250
14.12.2018;0.0360800
17.12.2018;0.0362000
18.12.2018;0.0356100
19.12.2018;0.0363900
20.12.2018;0.0350300
21.12.2018;0.0357850
24.12.2018;0.0350000
25.12.2018;0.0339650
26.12.2018;0.0348000
27.12.2018;0.0324000
28.12.2018;0.0338650
29.12.2018;0.0339350
03.01.2019;0.0340000
04.01.2019;0.0346000
08.01.2019;0.0349900
09.01.2019;0.0351000
10.01.2019;0.0346150
11.01.2019;0.0350000
14.01.2019;0.0350200
15.01.2019;0.0354350
16.01.2019;0.0355050
17.01.2019;0.0357850
18.01.2019;0.0369700
21.01.2019;0.0369100
22.01.2019;0.0372950
23.01.2019;0.0375250
24.01.2019;0.0374900
25.01.2019;0.0374750
28.01.2019;0.0374500
29.01.2019;0.0370100
30.01.2019;0.0374950
31.01.2019;0.0375600
01.02.2019;0.0380850
04.02.2019;0.0382750
05.02.2019;0.0382950
06.02.2019;0.0377950
07.02.2019;0.0372050
08.02.2019;0.0372000
11.02.2019;0.0375900
12.02.2019;0.0381450
13.02.2019;0.0369500
14.02.2019;0.0360850
15.02.2019;0.0365950
18.02.2019;0.0363800
19.02.2019;0.0364000
20.02.2019;0.0364950
21.02.2019;0.0364200
22.02.2019;0.0363050
25.02.2019;0.0367350
26.02.2019;0.0363050
27.02.2019;0.0365950
28.02.2019;0.0364500
01.03.2019;0.0360450
04.03.2019;0.0366450
05.03.2019;0.0357900
06.03.2019;0.0350050
07.03.2019;0.0353750
11.03.2019;0.0356750
12.03.2019;0.0358300
13.03.2019;0.0364900
14.03.2019;0.0361050
15.03.2019;0.0366100
18.03.2019;0.0369700
19.03.2019;0.0368750
20.03.2019;0.0369350
21.03.2019;0.0367950
22.03.2019;0.0365850
25.03.2019;0.0361100
26.03.2019;0.0365750
27.03.2019;0.0363750
28.03.2019;0.0366400
29.03.2019;0.0358000
01.04.2019;0.0361450
02.04.2019;0.0362000
03.04.2019;0.0362950
04.04.2019;0.0362150
05.04.2019;0.0364150
08.04.2019;0.0361100
09.04.2019;0.0360150
10.04.2019;0.0373150
11.04.2019;0.0371000
12.04.2019;0.0363500
15.04.2019;0.0358950
16.04.2019;0.0362700
17.04.2019;0.0361850
18.04.2019;0.0360000
19.04.2019;0.0357950
22.04.2019;0.0356100
23.04.2019;0.0358050
24.04.2019;0.0355450
25.04.2019;0.0352000
26.04.2019;0.0351700
29.04.2019;0.0352900
30.04.2019;0.0352650
02.05.2019;0.0356000
03.05.2019;0.0354150
06.05.2019;0.0350950
07.05.2019;0.0359750
08.05.2019;0.0357050
10.05.2019;0.0351500
13.05.2019;0.0350050
14.05.2019;0.0350050
15.05.2019;0.0352800
16.05.2019;0.0350050
17.05.2019;0.0350300
20.05.2019;0.0349550
21.05.2019;0.0349400
22.05.2019;0.0352650
23.05.2019;0.0375550
24.05.2019;0.0370250
27.05.2019;0.0374050
28.05.2019;0.0368000
29.05.2019;0.0368000
30.05.2019;0.0362250
31.05.2019;0.0363200
03.06.2019;0.0370300
04.06.2019;0.0374500
05.06.2019;0.0391900
06.06.2019;0.0392300
07.06.2019;0.0387550
10.06.2019;0.0395950
11.06.2019;0.0399250
13.06.2019;0.0399250
14.06.2019;0.0403700
17.06.2019;0.0404900
18.06.2019;0.0406900
19.06.2019;0.0401000
20.06.2019;0.0403200
21.06.2019;0.0395250
24.06.2019;0.0411250
25.06.2019;0.0404000
26.06.2019;0.0409850
27.06.2019;0.0403450
28.06.2019;0.0400000
01.07.2019;0.0402950
02.07.2019;0.0405300
03.07.2019;0.0405950
04.07.2019;0.0410850
05.07.2019;0.0417850
08.07.2019;0.0423850
09.07.2019;0.0427950
10.07.2019;0.0447150
11.07.2019;0.0439900
12.07.2019;0.0439800
15.07.2019;0.0449000
16.07.2019;0.0432800
17.07.2019;0.0425000
18.07.2019;0.0424950
19.07.2019;0.0423150
22.07.2019;0.0430050
23.07.2019;0.0433100
24.07.2019;0.0442050
25.07.2019;0.0431100
26.07.2019;0.0428500
29.07.2019;0.0430900
30.07.2019;0.0425300
31.07.2019;0.0425000
01.08.2019;0.0423950
02.08.2019;0.0418700
05.08.2019;0.0448900
06.08.2019;0.0429850
07.08.2019;0.0419800
08.08.2019;0.0420750
09.08.2019;0.0408500
12.08.2019;0.0411950
13.08.2019;0.0404300
14.08.2019;0.0391500
15.08.2019;0.0419850
16.08.2019;0.0380150
19.08.2019;0.0396350
20.08.2019;0.0398150
21.08.2019;0.0391150
22.08.2019;0.0393950
23.08.2019;0.0396600
26.08.2019;0.0398700
27.08.2019;0.0393650
28.08.2019;0.0381000
29.08.2019;0.0386750
30.08.2019;0.0385000
02.09.2019;0.0397350
03.09.2019;0.0386750
04.09.2019;0.0428650
05.09.2019;0.0433550
06.09.2019;0.0423000
09.09.2019;0.0424250
10.09.2019;0.0429450
11.09.2019;0.0432050
12.09.2019;0.0425950
13.09.2019;0.0435100
16.09.2019;0.0429850
17.09.2019;0.0427000
18.09.2019;0.0433050
19.09.2019;0.0441150
20.09.2019;0.0440050
23.09.2019;0.0424000
24.09.2019;0.0429750
25.09.2019;0.0423950
26.09.2019;0.0432450
27.09.2019;0.0434500
30.09.2019;0.0435550
01.10.2019;0.0434000
02.10.2019;0.0425700
03.10.2019;0.0416800
04.10.2019;0.0417800
07.10.2019;0.0418400
08.10.2019;0.0419650
09.10.2019;0.0414050
10.10.2019;0.0419100
11.10.2019;0.0423250
14.10.2019;0.0422950
15.10.2019;0.0420200
16.10.2019;0.0422150
17.10.2019;0.0421650
18.10.2019;0.0428950
21.10.2019;0.0436500
22.10.2019;0.0438900
23.10.2019;0.0435600
24.10.2019;0.0432850
25.10.2019;0.0426700
28.10.2019;0.0433200
29.10.2019;0.0433000
30.10.2019;0.0436800
31.10.2019;0.0436100
01.11.2019;0.0425800
05.11.2019;0.0440050
06.11.2019;0.0449950
07.11.2019;0.0447850
08.11.2019;0.0461750
11.11.2019;0.0471350
12.11.2019;0.0474250
13.11.2019;0.0460650
14.11.2019;0.0469000
15.11.2019;0.0467050
18.11.2019;0.0474100
19.11.2019;0.0462950
20.11.2019;0.0474000
21.11.2019;0.0470350
22.11.2019;0.0467850
25.11.2019;0.0468850
26.11.2019;0.0459250
27.11.2019;0.0468900
28.11.2019;0.0466600
29.11.2019;0.0455050
02.12.2019;0.0448050
03.12.2019;0.0446850
04.12.2019;0.0447850
05.12.2019;0.0444800
06.12.2019;0.0450200
09.12.2019;0.0452750
10.12.2019;0.0450750
11.12.2019;0.0451850
12.12.2019;0.0450300
13.12.2019;0.0464850
16.12.2019;0.0466000
17.12.2019;0.0464800
18.12.2019;0.0464550
19.12.2019;0.0479700
20.12.2019;0.0462650
23.12.2019;0.0463800
24.12.2019;0.0473850
25.12.2019;0.0459200
26.12.2019;0.0466150
27.12.2019;0.0458700
30.12.2019;0.0466250
03.01.2020;0.0464350
06.01.2020;0.0470850
08.01.2020;0.0468100
09.01.2020;0.0471850
10.01.2020;0.0478350
13.01.2020;0.0485000
14.01.2020;0.0479950
15.01.2020;0.0462000
16.01.2020;0.0475500
17.01.2020;0.0479800
20.01.2020;0.0481650
21.01.2020;0.0499600
22.01.2020;0.0490100
23.01.2020;0.0487200
24.01.2020;0.0482000
27.01.2020;0.0465700
28.01.2020;0.0472850
29.01.2020;0.0474600
30.01.2020;0.0473300
31.01.2020;0.0465350
03.02.2020;0.0462150
04.02.2020;0.0470850
05.02.2020;0.0474650
06.02.2020;0.0486100
07.02.2020;0.0478600
10.02.2020;0.0475500
11.02.2020;0.0479600
12.02.2020;0.0478600
13.02.2020;0.0479900
14.02.2020;0.0484950
17.02.2020;0.0484300
18.02.2020;0.0473900
19.02.2020;0.0475000
20.02.2020;0.0487500
21.02.2020;0.0481100
25.02.2020;0.0475000
26.02.2020;0.0473500
27.02.2020;0.0454500
28.02.2020;0.0425050
02.03.2020;0.0431000
03.03.2020;0.0444600
04.03.2020;0.0434900
05.03.2020;0.0434100
06.03.2020;0.0403000
10.03.2020;0.0377000
11.03.2020;0.0365200
12.03.2020;0.0318600
13.03.2020;0.0324850
16.03.2020;0.0310000
17.03.2020;0.0293200
18.03.2020;0.0282400
19.03.2020;0.0295000
20.03.2020;0.0323000
23.03.2020;0.0322000
24.03.2020;0.0339750
25.03.2020;0.0328000
26.03.2020;0.0332000
27.03.2020;0.0314000
30.03.2020;0.0346500
31.03.2020;0.0334000
01.04.2020;0.0322450
02.04.2020;0.0323250
03.04.2020;0.0329750
06.04.2020;0.0338100
07.04.2020;0.0349350
08.04.2020;0.0353350
09.04.2020;0.0363050
10.04.2020;0.0361700
13.04.2020;0.0360350
14.04.2020;0.0350000
15.04.2020;0.0349950
16.04.2020;0.0348900
17.04.2020;0.0344750
20.04.2020;0.0340000
21.04.2020;0.0333750
22.04.2020;0.0341450
23.04.2020;0.0344850
24.04.2020;0.0341000
27.04.2020;0.0341900
28.04.2020;0.0352700
29.04.2020;0.0353950
30.04.2020;0.0350300
04.05.2020;0.0347000
05.05.2020;0.0356400
06.05.2020;0.0358700
07.05.2020;0.0354950
08.05.2020;0.0354100
12.05.2020;0.0356750
13.05.2020;0.0344100
14.05.2020;0.0346700
15.05.2020;0.0346700
18.05.2020;0.0350450
19.05.2020;0.0368200
20.05.2020;0.0354950
21.05.2020;0.0350000
22.05.2020;0.0349900
25.05.2020;0.0347050
26.05.2020;0.0353600
27.05.2020;0.0356900
28.05.2020;0.0358300
29.05.2020;0.0357050
01.06.2020;0.0368950
02.06.2020;0.0369100
03.06.2020;0.0375050
04.06.2020;0.0372750
05.06.2020;0.0374850
08.06.2020;0.0374600
09.06.2020;0.0387500
10.06.2020;0.0374400
11.06.2020;0.0370050
15.06.2020;0.0367450
16.06.2020;0.0375000
17.06.2020;0.0364750
18.06.2020;0.0367150
19.06.2020;0.0360050
22.06.2020;0.0360000
23.06.2020;0.0351400
25.06.2020;0.0374750
26.06.2020;0.0350850
29.06.2020;0.0349950
30.06.2020;0.0372750
02.07.2020;0.0359950
03.07.2020;0.0384750
06.07.2020;0.0368700
07.07.2020;0.0368350
08.07.2020;0.0352000
09.07.2020;0.0350950
10.07.2020;0.0355000
13.07.2020;0.0351950
14.07.2020;0.0352950
15.07.2020;0.0359350
16.07.2020;0.0355950
17.07.2020;0.0349950
20.07.2020;0.0374250
21.07.2020;0.0384850
22.07.2020;0.0398650
23.07.2020;0.0379950
24.07.2020;0.0377000
27.07.2020;0.0393750
28.07.2020;0.0390000
29.07.2020;0.0394950
30.07.2020;0.0390000
31.07.2020;0.0395450
03.08.2020;0.0400700
04.08.2020;0.0419950
05.08.2020;0.0409850
06.08.2020;0.0406600
07.08.2020;0.0366450
10.08.2020;0.0367000
11.08.2020;0.0375050
12.08.2020;0.0375000
13.08.2020;0.0379950
14.08.2020;0.0378500
17.08.2020;0.0385950
18.08.2020;0.0374950
19.08.2020;0.0399900
20.08.2020;0.0375050
21.08.2020;0.0375000
24.08.2020;0.0374950
25.08.2020;0.0365000
26.08.2020;0.0367450
27.08.2020;0.0384950
28.08.2020;0.0390000
31.08.2020;0.0374900
01.09.2020;0.0373800
02.09.2020;0.0386250
03.09.2020;0.0385000
04.09.2020;0.0360000
07.09.2020;0.0374350
08.09.2020;0.0379250
09.09.2020;0.0369400
10.09.2020;0.0361700
11.09.2020;0.0375000
14.09.2020;0.0374950
15.09.2020;0.0370000
16.09.2020;0.0374250
17.09.2020;0.0375000
18.09.2020;0.0375000
21.09.2020;0.0342550
22.09.2020;0.0350000
23.09.2020;0.0345000
24.09.2020;0.0345000
25.09.2020;0.0343700
28.09.2020;0.0349950
29.09.2020;0.0356000
30.09.2020;0.0348600
01.10.2020;0.0347550
02.10.2020;0.0341650
05.10.2020;0.0341900
06.10.2020;0.0345800
07.10.2020;0.0347000
08.10.2020;0.0348000
09.10.2020;0.0338900
12.10.2020;0.0338400
13.10.2020;0.0350000
14.10.2020;0.0339850
15.10.2020;0.0349650
16.10.2020;0.0321550
19.10.2020;0.0318900
20.10.2020;0.0342450
21.10.2020;0.0350000
22.10.2020;0.0350000
23.10.2020;0.0349950
26.10.2020;0.0339000
27.10.2020;0.0336000
28.10.2020;0.0349900
29.10.2020;0.0348500
30.10.2020;0.0329200
02.11.2020;0.0350000
03.11.2020;0.0335300
05.11.2020;0.0343000
06.11.2020;0.0342000
10.11.2020;0.0357950
11.11.2020;0.0342200
12.11.2020;0.0359300
13.11.2020;0.0367750
16.11.2020;0.0374950
17.11.2020;0.0375000
18.11.2020;0.0379950
19.11.2020;0.0353800
20.11.2020;0.0388000
23.11.2020;0.0371750
24.11.2020;0.0377950
25.11.2020;0.0373900
26.11.2020;0.0352750
27.11.2020;0.0381100
01.12.2020;0.0380000
02.12.2020;0.0387250
03.12.2020;0.0363200
04.12.2020;0.0380000
07.12.2020;0.0403000
08.12.2020;0.0375000
09.12.2020;0.0365150
10.12.2020;0.0382350
11.12.2020;0.0394250
14.12.2020;0.0377850
15.12.2020;0.0387550
16.12.2020;0.0368200
17.12.2020;0.0357550
18.12.2020;0.0395250
22.12.2020;0.0379950
23.12.2020;0.0381050
24.12.2020;0.0379400
25.12.2020;0.0380000
28.12.2020;0.0382250
29.12.2020;0.0375000
30.12.2020;0.0379000
04.01.2021;0.0397950
05.01.2021;0.0399550
06.01.2021;0.0380050
08.01.2021;0.0390700
11.01.2021;0.0400650
12.01.2021;0.0406450
13.01.2021;0.0409150
14.01.2021;0.0407550
15.01.2021;0.0414400
18.01.2021;0.0399800
19.01.2021;0.0408500
20.01.2021;0.0403500
21.01.2021;0.0379000
22.01.2021;0.0383500
25.01.2021;0.0366800
26.01.2021;0.0386650
27.01.2021;0.0374250
28.01.2021;0.0379850
29.01.2021;0.0375000
01.02.2021;0.0375050
02.02.2021;0.0374950
03.02.2021;0.0383300
04.02.2021;0.0367050
05.02.2021;0.0383450
08.02.2021;0.0383350
09.02.2021;0.0388200
10.02.2021;0.0373050
11.02.2021;0.0381550
12.02.2021;0.0377650
15.02.2021;0.0389900
16.02.2021;0.0380000
17.02.2021;0.0383350
18.02.2021;0.0374950
19.02.2021;0.0367950
20.02.2021;0.0390200
22.02.2021;0.0375000
24.02.2021;0.0372000
25.02.2021;0.0372600
26.02.2021;0.0375000
01.03.2021;0.0384700
02.03.2021;0.0379950
03.03.2021;0.0366600
04.03.2021;0.0373700
05.03.2021;0.0375000
09.03.2021;0.0388000
10.03.2021;0.0396850
11.03.2021;0.0383300
12.03.2021;0.0383300
15.03.2021;0.0385900
16.03.2021;0.0389400
17.03.2021;0.0382800
18.03.2021;0.0375000
19.03.2021;0.0379000
22.03.2021;0.0383300
23.03.2021;0.0375900
24.03.2021;0.0383300
25.03.2021;0.0383350
26.03.2021;0.0377450
29.03.2021;0.0389950
30.03.2021;0.0399800
31.03.2021;0.0421050
01.04.2021;0.0449800
02.04.2021;0.0449950
05.04.2021;0.0449950
06.04.2021;0.0445750
07.04.2021;0.0439000
08.04.2021;0.0441400
09.04.2021;0.0434500
12.04.2021;0.0444250
13.04.2021;0.0453100
14.04.2021;0.0470100
15.04.2021;0.0473750
16.04.2021;0.0469600
19.04.2021;0.0470000
20.04.2021;0.0461200
21.04.2021;0.0487650
22.04.2021;0.0489950
23.04.2021;0.0511850
26.04.2021;0.0518100
27.04.2021;0.0515000
28.04.2021;0.0514500
29.04.2021;0.0517700
30.04.2021;0.0528650
04.05.2021;0.0549000
05.05.2021;0.0547100
06.05.2021;0.0544100
07.05.2021;0.0543500
10.05.2021;0.0510200
11.05.2021;0.0497000
12.05.2021;0.0487150
13.05.2021;0.0521100
14.05.2021;0.0504000
17.05.2021;0.0507800
18.05.2021;0.0470500
19.05.2021;0.0450050
20.05.2021;0.0477600
21.05.2021;0.0483300
24.05.2021;0.0474900
25.05.2021;0.0478850
26.05.2021;0.0455200
27.05.2021;0.0490050
28.05.2021;0.0522250
31.05.2021;0.0498250
01.06.2021;0.0499300
02.06.2021;0.0499750
03.06.2021;0.0500450
04.06.2021;0.0500050
07.06.2021;0.0490000
08.06.2021;0.0500350
09.06.2021;0.0518850
10.06.2021;0.0500350
11.06.2021;0.0509050
14.06.2021;0.0495650
15.06.2021;0.0499850
16.06.2021;0.0508700
17.06.2021;0.0500000
18.06.2021;0.0484000
21.06.2021;0.0489050
22.06.2021;0.0485950
23.06.2021;0.0494100
24.06.2021;0.0489950
25.06.2021;0.0494100
28.06.2021;0.0497350
29.06.2021;0.0491950
30.06.2021;0.0490000
01.07.2021;0.0499500
02.07.2021;0.0498800
05.07.2021;0.0505000
06.07.2021;0.0486250
07.07.2021;0.0504950
08.07.2021;0.0499950
09.07.2021;0.0490100
12.07.2021;0.0504950
13.07.2021;0.0491450
14.07.2021;0.0462250
15.07.2021;0.0474400
16.07.2021;0.0474000
19.07.2021;0.0472300
20.07.2021;0.0449650
21.07.2021;0.0475000
22.07.2021;0.0474750
23.07.2021;0.0463200
26.07.2021;0.0469250
27.07.2021;0.0462700
28.07.2021;0.0470500
29.07.2021;0.0483350
30.07.2021;0.0486800
02.08.2021;0.0483350
03.08.2021;0.0478000
04.08.2021;0.0494600
05.08.2021;0.0500950
06.08.2021;0.0507800
09.08.2021;0.0491950
10.08.2021;0.0524400
11.08.2021;0.0526050
12.08.2021;0.0522000
13.08.2021;0.0530850
16.08.2021;0.0523000
17.08.2021;0.0523500
18.08.2021;0.0520000
19.08.2021;0.0498650
20.08.2021;0.0513100
23.08.2021;0.0524950
24.08.2021;0.0525000
25.08.2021;0.0525000
26.08.2021;0.0517050
27.08.2021;0.0508000
30.08.2021;0.0514750
31.08.2021;0.0522050
01.09.2021;0.0532800
02.09.2021;0.0526300
03.09.2021;0.0523200
06.09.2021;0.0546850
08.09.2021;0.0546350
09.09.2021;0.0550000
10.09.2021;0.0548600
13.09.2021;0.0516050
14.09.2021;0.0537550
15.09.2021;0.0524950
16.09.2021;0.0539900
17.09.2021;0.0525450
20.09.2021;0.0515800
21.09.2021;0.0509950
22.09.2021;0.0510350
23.09.2021;0.0519950
24.09.2021;0.0510000
27.09.2021;0.0524350
28.09.2021;0.0524550
29.09.2021;0.0524050
30.09.2021;0.0524500
01.10.2021;0.0519500
04.10.2021;0.0525000
05.10.2021;0.0543400
06.10.2021;0.0535750
07.10.2021;0.0546600
08.10.2021;0.0550000
11.10.2021;0.0550750
12.10.2021;0.0569950
13.10.2021;0.0555750
14.10.2021;0.0543150
15.10.2021;0.0549950
18.10.2021;0.0569950
19.10.2021;0.0579050
20.10.2021;0.0550000
21.10.2021;0.0550000
22.10.2021;0.0560000
25.10.2021;0.0558950
26.10.2021;0.0550300
27.10.2021;0.0559900
28.10.2021;0.0550000
01.11.2021;0.0549800
02.11.2021;0.0525050
03.11.2021;0.0515050
05.11.2021;0.0548600
08.11.2021;0.0546600
09.11.2021;0.0539050
10.11.2021;0.0507000
11.11.2021;0.0527000
12.11.2021;0.0518800
15.11.2021;0.0524000
16.11.2021;0.0525000
17.11.2021;0.0516350
18.11.2021;0.0525000
19.11.2021;0.0505000
22.11.2021;0.0488000
23.11.2021;0.0513950
24.11.2021;0.0513650
25.11.2021;0.0483050
26.11.2021;0.0467450
29.11.2021;0.0472000
30.11.2021;0.0498500
01.12.2021;0.0469000
02.12.2021;0.0505300
03.12.2021;0.0483500
06.12.2021;0.0500000
07.12.2021;0.0504950
08.12.2021;0.0488000
09.12.2021;0.0468550
10.12.2021;0.0480000
13.12.2021;0.0478850
14.12.2021;0.0455000
15.12.2021;0.0459950
16.12.2021;0.0459000
17.12.2021;0.0448400
20.12.2021;0.0481900
21.12.2021;0.0483500
22.12.2021;0.0483500
23.12.2021;0.0471400
24.12.2021;0.0483250
27.12.2021;0.0457250
28.12.2021;0.0483250
29.12.2021;0.0489850
30.12.2021;0.0492450
03.01.2022;0.0493300
04.01.2022;0.0483000
05.01.2022;0.0474000
06.01.2022;0.0499050
10.01.2022;0.0500000
11.01.2022;0.0500400
12.01.2022;0.0503100
13.01.2022;0.0472000
14.01.2022;0.0457000
17.01.2022;0.0499550
18.01.2022;0.0444850
19.01.2022;0.0469500
20.01.2022;0.0469000
21.01.2022;0.0475600
24.01.2022;0.0441900
25.01.2022;0.0437350
26.01.2022;0.0429050
27.01.2022;0.0439700
28.01.2022;0.0445950
31.01.2022;0.0449100
01.02.2022;0.0439900
02.02.2022;0.0439000
03.02.2022;0.0421700
04.02.2022;0.0429350
07.02.2022;0.0428400
08.02.2022;0.0420050
09.02.2022;0.0436850
10.02.2022;0.0437200
11.02.2022;0.0435300
14.02.2022;0.0401600
15.02.2022;0.0410000
16.02.2022;0.0435950
17.02.2022;0.0425000
18.02.2022;0.0402900
21.02.2022;0.0392000
22.02.2022;0.0350000
24.02.2022;0.0201000
25.02.2022;0.0234000
24.03.2022;0.0182200
25.03.2022;0.0185500
28.03.2022;0.0150000
29.03.2022;0.0163500
30.03.2022;0.0172500
31.03.2022;0.0196000
01.04.2022;0.0228000
04.04.2022;0.0246600
05.04.2022;0.0224200
06.04.2022;0.0225000
07.04.2022;0.0227100
08.04.2022;0.0235250
11.04.2022;0.0218000
12.04.2022;0.0224500
13.04.2022;0.0210000
14.04.2022;0.0202500
15.04.2022;0.0212650
18.04.2022;0.0192000
19.04.2022;0.0183800
20.04.2022;0.0189100
21.04.2022;0.0199050
22.04.2022;0.0180750
25.04.2022;0.0194750
26.04.2022;0.0192000
27.04.2022;0.0200350
28.04.2022;0.0190050
29.04.2022;0.0198300
04.05.2022;0.0196000
05.05.2022;0.0196800
06.05.2022;0.0193600
11.05.2022;0.0193000
12.05.2022;0.0191850
13.05.2022;0.0194950
16.05.2022;0.0192050
17.05.2022;0.0192700
18.05.2022;0.0192050
19.05.2022;0.0192100
20.05.2022;0.0191950
23.05.2022;0.0183400
24.05.2022;0.0188950
25.05.2022;0.0185000
26.05.2022;0.0186200
27.05.2022;0.0185400
30.05.2022;0.0183000
31.05.2022;0.0183000
01.06.2022;0.0184000
02.06.2022;0.0180500
03.06.2022;0.0179400
06.06.2022;0.0174950
07.06.2022;0.0173950
08.06.2022;0.0179650
09.06.2022;0.0174700
10.06.2022;0.0170600
14.06.2022;0.0187000
15.06.2022;0.0177600
16.06.2022;0.0176500
17.06.2022;0.0179950
20.06.2022;0.0189000
21.06.2022;0.0182400
22.06.2022;0.0180950
23.06.2022;0.0186450
24.06.2022;0.0186600
27.06.2022;0.0189000
28.06.2022;0.0194900
29.06.2022;0.0191650
30.06.2022;0.0173950
01.07.2022;0.0182500
04.07.2022;0.0190000
05.07.2022;0.0189950
06.07.2022;0.0187200
07.07.2022;0.0186500
08.07.2022;0.0187600
11.07.2022;0.0182850
12.07.2022;0.0189950
13.07.2022;0.0173250
14.07.2022;0.0180000
15.07.2022;0.0183300
18.07.2022;0.0179350
19.07.2022;0.0180000
20.07.2022;0.0183500
21.07.2022;0.0187500
22.07.2022;0.0184300
25.07.2022;0.0183050
26.07.2022;0.0185050
27.07.2022;0.0187650
28.07.2022;0.0186000
29.07.2022;0.0188000
01.08.2022;0.0177700
02.08.2022;0.0178050
03.08.2022;0.0178700
04.08.2022;0.0180900
05.08.2022;0.0174850
08.08.2022;0.0177250
09.08.2022;0.0177550
10.08.2022;0.0178650
11.08.2022;0.0179300
12.08.2022;0.0179450
15.08.2022;0.0179500
16.08.2022;0.0182650
17.08.2022;0.0182000
18.08.2022;0.0182550
19.08.2022;0.0179800
22.08.2022;0.0182900
23.08.2022;0.0182300
24.08.2022;0.0182000
25.08.2022;0.0183300
26.08.2022;0.0182950
29.08.2022;0.0184900
30.08.2022;0.0188450
31.08.2022;0.0191100
01.09.2022;0.0190200
02.09.2022;0.0202850
05.09.2022;0.0206900
06.09.2022;0.0199000
07.09.2022;0.0201000
08.09.2022;0.0193450
09.09.2022;0.0198000
12.09.2022;0.0203800
13.09.2022;0.0211800
14.09.2022;0.0205950
15.09.2022;0.0204950
16.09.2022;0.0196000
19.09.2022;0.0198900
20.09.2022;0.0211500
21.09.2022;0.0186750
22.09.2022;0.0179900
23.09.2022;0.0160000
26.09.2022;0.0150200
27.09.2022;0.0155550
28.09.2022;0.0154000
29.09.2022;0.0150200
30.09.2022;0.0151950
03.10.2022;0.0155050
04.10.2022;0.0152000
05.10.2022;0.0146550
06.10.2022;0.0152000
07.10.2022;0.0167500
10.10.2022;0.0149950
11.10.2022;0.0145500
12.10.2022;0.0152000
13.10.2022;0.0153000
14.10.2022;0.0151500
17.10.2022;0.0155050
18.10.2022;0.0162800
19.10.2022;0.0158600
20.10.2022;0.0167250
21.10.2022;0.0165000
24.10.2022;0.0158550
25.10.2022;0.0167050
26.10.2022;0.0168000
27.10.2022;0.0174800
28.10.2022;0.0167400
31.10.2022;0.0176950
01.11.2022;0.0170000
02.11.2022;0.0161050
03.11.2022;0.0169950
07.11.2022;0.0170050
08.11.2022;0.0173500
09.11.2022;0.0169600
10.11.2022;0.0174950
11.11.2022;0.0170200
14.11.2022;0.0174400
15.11.2022;0.0164400
16.11.2022;0.0169500
17.11.2022;0.0171950
18.11.2022;0.0169000
21.11.2022;0.0171300
22.11.2022;0.0173850
23.11.2022;0.0172850
24.11.2022;0.0173650
25.11.2022;0.0172550
28.11.2022;0.0166400
29.11.2022;0.0174700
30.11.2022;0.0167550
01.12.2022;0.0171250
02.12.2022;0.0169900
05.12.2022;0.0172500
06.12.2022;0.0165700
07.12.2022;0.0170850
08.12.2022;0.0169900
09.12.2022;0.0169850
12.12.2022;0.0168000
13.12.2022;0.0174950
14.12.2022;0.0170000
15.12.2022;0.0162850
16.12.2022;0.0162500
19.12.2022;0.0163350
20.12.2022;0.0164800
21.12.2022;0.0165250
22.12.2022;0.0169700
23.12.2022;0.0170000
26.12.2022;0.0174050
27.12.2022;0.0171000
28.12.2022;0.0166000
29.12.2022;0.0167450
30.12.2022;0.0165900
03.01.2023;0.0163350
04.01.2023;0.0166850
05.01.2023;0.0162600
06.01.2023;0.0162000
09.01.2023;0.0166450
10.01.2023;0.0167600
11.01.2023;0.0168750
12.01.2023;0.0166350
13.01.2023;0.0170800
16.01.2023;0.0179850
17.01.2023;0.0174850
18.01.2023;0.0169850
19.01.2023;0.0167950
20.01.2023;0.0167950
23.01.2023;0.0169150
24.01.2023;0.0167950
25.01.2023;0.0168650
26.01.2023;0.0167850
27.01.2023;0.0168850
30.01.2023;0.0168400
31.01.2023;0.0170700
01.02.2023;0.0173000
02.02.2023;0.0170000
03.02.2023;0.0170500
06.02.2023;0.0173050
07.02.2023;0.0173000
08.02.2023;0.0173700
09.02.2023;0.0172950
10.02.2023;0.0170000
13.02.2023;0.0167850
14.02.2023;0.0171650
15.02.2023;0.0159150
16.02.2023;0.0162300
17.02.2023;0.0163300
20.02.2023;0.0164950
21.02.2023;0.0162350
22.02.2023;0.0164300
24.02.2023;0.0162000
27.02.2023;0.0166950
28.02.2023;0.0165800
01.03.2023;0.0168750
02.03.2023;0.0167950
03.03.2023;0.0167950
06.03.2023;0.0169100
07.03.2023;0.0169800
09.03.2023;0.0169200
10.03.2023;0.0168350
13.03.2023;0.0165000
14.03.2023;0.0168400
15.03.2023;0.0167750
16.03.2023;0.0165000
17.03.2023;0.0163350
20.03.2023;0.0188050
21.03.2023;0.0189750
22.03.2023;0.0185000
23.03.2023;0.0177300
24.03.2023;0.0182900
27.03.2023;0.0183900
28.03.2023;0.0178100
29.03.2023;0.0182000
30.03.2023;0.0189050
31.03.2023;0.0189900
03.04.2023;0.0203900
04.04.2023;0.0203500
05.04.2023;0.0190850
06.04.2023;0.0189950
07.04.2023;0.0190000
10.04.2023;0.0190000
11.04.2023;0.0199950
12.04.2023;0.0189950
13.04.2023;0.0184350
14.04.2023;0.0188800
17.04.2023;0.0194950
18.04.2023;0.0195000
19.04.2023;0.0189050
20.04.2023;0.0201850
21.04.2023;0.0202750
24.04.2023;0.0198100
25.04.2023;0.0203950
26.04.2023;0.0205200
27.04.2023;0.0226850
28.04.2023;0.0237850
02.05.2023;0.0217500
03.05.2023;0.0211250
04.05.2023;0.0207900
05.05.2023;0.0216900
08.05.2023;0.0216050
10.05.2023;0.0220600
11.05.2023;0.0222600
12.05.2023;0.0216400
15.05.2023;0.0220500
16.05.2023;0.0239650
17.05.2023;0.0239200
18.05.2023;0.0230200
19.05.2023;0.0243950
22.05.2023;0.0244950
23.05.2023;0.0239700
24.05.2023;0.0245950
25.05.2023;0.0246900
26.05.2023;0.0235000
29.05.2023;0.0234000
30.05.2023;0.0234150
31.05.2023;0.0222100
01.06.2023;0.0225000
02.06.2023;0.0226450
05.06.2023;0.0230400
06.06.2023;0.0241450
07.06.2023;0.0233650
08.06.2023;0.0219100
09.06.2023;0.0235800
13.06.2023;0.0221650
14.06.2023;0.0237850
15.06.2023;0.0236450
16.06.2023;0.0224150
19.06.2023;0.0239150
20.06.2023;0.0220400
21.06.2023;0.0240500
22.06.2023;0.0224950
23.06.2023;0.0220800
26.06.2023;0.0218900
27.06.2023;0.0233450
28.06.2023;0.0216100
29.06.2023;0.0225000
30.06.2023;0.0220000
03.07.2023;0.0220550
04.07.2023;0.0241100
05.07.2023;0.0227200
06.07.2023;0.0225000
07.07.2023;0.0244200
10.07.2023;0.0227500
11.07.2023;0.0233950
12.07.2023;0.0237600
13.07.2023;0.0235450
14.07.2023;0.0237250
17.07.2023;0.0232850
18.07.2023;0.0243650
19.07.2023;0.0243550
20.07.2023;0.0235000
21.07.2023;0.0237900
24.07.2023;0.0242900
25.07.2023;0.0242400
26.07.2023;0.0237950
27.07.2023;0.0249950
28.07.2023;0.0252000
31.07.2023;0.0254300
01.08.2023;0.0250000
02.08.2023;0.0255400
03.08.2023;0.0269100
04.08.2023;0.0275000
07.08.2023;0.0264000
08.08.2023;0.0272750
09.08.2023;0.0267000
10.08.2023;0.0284500
11.08.2023;0.0313950
14.08.2023;0.0299900
15.08.2023;0.0294950
16.08.2023;0.0262000
17.08.2023;0.0277000
18.08.2023;0.0288750
21.08.2023;0.0278700
22.08.2023;0.0290000
23.08.2023;0.0288000
24.08.2023;0.0273000
25.08.2023;0.0294850
28.08.2023;0.0283850
29.08.2023;0.0294900
30.08.2023;0.0292800
31.08.2023;0.0297000
01.09.2023;0.0298000
04.09.2023;0.0293750
05.09.2023;0.0292300
06.09.2023;0.0314950
07.09.2023;0.0289900
08.09.2023;0.0278000
11.09.2023;0.0269750
12.09.2023;0.0286250
13.09.2023;0.0264700
14.09.2023;0.0275000
