01.12.2014;370
02.12.2014;378
03.12.2014;378
04.12.2014;377
06.12.2014;378
08.12.2014;375
10.12.2014;360
12.12.2014;350
18.12.2014;340
08.01.2015;288
13.01.2015;260
14.01.2015;120
15.01.2015;204
16.01.2015;199
17.01.2015;184
19.01.2015;225
20.01.2015;218
21.01.2015;225
22.01.2015;226
23.01.2015;235
24.01.2015;240
25.01.2015;254
26.01.2015;274
27.01.2015;263
28.01.2015;236
29.01.2015;235
30.01.2015;229
31.01.2015;218
01.02.2015;228
02.02.2015;237
03.02.2015;228
04.02.2015;227
05.02.2015;216
06.02.2015;223
07.02.2015;229
08.02.2015;223
09.02.2015;221
10.02.2015;220
11.02.2015;219
12.02.2015;223
13.02.2015;236
14.02.2015;256
15.02.2015;235
16.02.2015;234
17.02.2015;244
18.02.2015;237
19.02.2015;240
20.02.2015;245
21.02.2015;245
22.02.2015;236
23.02.2015;239
24.02.2015;239
25.02.2015;238
26.02.2015;237
27.02.2015;254
28.02.2015;255
01.03.2015;260
02.03.2015;276
03.03.2015;283
04.03.2015;273
05.03.2015;276
06.03.2015;273
07.03.2015;276
08.03.2015;275
09.03.2015;290
10.03.2015;293
11.03.2015;296
12.03.2015;296
13.03.2015;284
14.03.2015;283
15.03.2015;288
16.03.2015;292
17.03.2015;286
18.03.2015;258
19.03.2015;263
20.03.2015;263
21.03.2015;261
22.03.2015;269
23.03.2015;267
24.03.2015;246
25.03.2015;246
26.03.2015;249
27.03.2015;247
28.03.2015;253
29.03.2015;243
30.03.2015;248
31.03.2015;245
01.04.2015;247
02.04.2015;254
03.04.2015;254
04.04.2015;254
05.04.2015;261
06.04.2015;256
07.04.2015;254
08.04.2015;246
09.04.2015;244
10.04.2015;236
11.04.2015;237
12.04.2015;237
13.04.2015;225
14.04.2015;221
15.04.2015;224
16.04.2015;229
17.04.2015;223
18.04.2015;224
19.04.2015;224
20.04.2015;225
21.04.2015;235
22.04.2015;233
23.04.2015;235
24.04.2015;231
25.04.2015;227
26.04.2015;221
27.04.2015;227
28.04.2015;225
29.04.2015;225
30.04.2015;236
01.05.2015;233
02.05.2015;235
03.05.2015;240
04.05.2015;239
05.05.2015;236
06.05.2015;230
07.05.2015;237
08.05.2015;244
09.05.2015;242
10.05.2015;241
11.05.2015;242
12.05.2015;242
13.05.2015;236
14.05.2015;237
15.05.2015;237
16.05.2015;236
17.05.2015;237
18.05.2015;234
19.05.2015;232
20.05.2015;234
21.05.2015;235
22.05.2015;240
23.05.2015;239
24.05.2015;240
25.05.2015;237
26.05.2015;236
27.05.2015;237
28.05.2015;237
29.05.2015;236
30.05.2015;233
31.05.2015;230
01.06.2015;223
02.06.2015;225
03.06.2015;225
04.06.2015;224
05.06.2015;224
06.06.2015;225
07.06.2015;223
08.06.2015;229
09.06.2015;229
10.06.2015;228
11.06.2015;229
12.06.2015;229
13.06.2015;233
14.06.2015;233
15.06.2015;236
16.06.2015;251
17.06.2015;250
18.06.2015;249
19.06.2015;246
20.06.2015;246
21.06.2015;244
22.06.2015;247
23.06.2015;244
24.06.2015;240
25.06.2015;242
26.06.2015;243
27.06.2015;251
28.06.2015;249
29.06.2015;257
30.06.2015;263
01.07.2015;259
02.07.2015;254
03.07.2015;256
04.07.2015;260
05.07.2015;271
06.07.2015;269
07.07.2015;266
08.07.2015;270
09.07.2015;269
10.07.2015;286
11.07.2015;294
12.07.2015;312
13.07.2015;293
14.07.2015;287
15.07.2015;285
16.07.2015;279
17.07.2015;280
18.07.2015;277
19.07.2015;275
20.07.2015;280
21.07.2015;277
22.07.2015;277
23.07.2015;277
24.07.2015;289
25.07.2015;289
26.07.2015;293
27.07.2015;294
28.07.2015;295
29.07.2015;290
30.07.2015;288
31.07.2015;285
01.08.2015;281
02.08.2015;282
03.08.2015;280
04.08.2015;285
05.08.2015;282
06.08.2015;279
07.08.2015;279
08.08.2015;262
09.08.2015;267
10.08.2015;265
11.08.2015;271
12.08.2015;266
13.08.2015;264
14.08.2015;266
15.08.2015;262
16.08.2015;259
17.08.2015;257
18.08.2015;221
19.08.2015;227
20.08.2015;235
21.08.2015;232
22.08.2015;231
23.08.2015;229
24.08.2015;211
25.08.2015;223
26.08.2015;226
27.08.2015;225
28.08.2015;231
29.08.2015;230
30.08.2015;229
31.08.2015;230
01.09.2015;228
02.09.2015;229
03.09.2015;227
04.09.2015;231
05.09.2015;236
06.09.2015;241
07.09.2015;241
08.09.2015;244
09.09.2015;238
10.09.2015;238
11.09.2015;240
12.09.2015;236
13.09.2015;230
14.09.2015;231
15.09.2015;230
16.09.2015;229
17.09.2015;233
18.09.2015;233
19.09.2015;232
20.09.2015;232
21.09.2015;227
22.09.2015;231
23.09.2015;230
24.09.2015;235
25.09.2015;235
26.09.2015;234
27.09.2015;233
28.09.2015;239
29.09.2015;236
30.09.2015;237
01.10.2015;238
02.10.2015;238
03.10.2015;239
04.10.2015;239
05.10.2015;240
06.10.2015;246
07.10.2015;244
08.10.2015;242
09.10.2015;244
10.10.2015;246
11.10.2015;249
12.10.2015;246
13.10.2015;250
14.10.2015;253
15.10.2015;254
16.10.2015;263
17.10.2015;272
18.10.2015;265
19.10.2015;265
20.10.2015;271
21.10.2015;268
22.10.2015;275
23.10.2015;278
24.10.2015;284
25.10.2015;284
26.10.2015;287
27.10.2015;295
28.10.2015;304
29.10.2015;316
30.10.2015;329
31.10.2015;314
01.11.2015;329
02.11.2015;365
03.11.2015;404
04.11.2015;410
05.11.2015;387
06.11.2015;374
07.11.2015;384
08.11.2015;373
09.11.2015;379
10.11.2015;337
11.11.2015;313
12.11.2015;336
13.11.2015;338
14.11.2015;334
15.11.2015;322
16.11.2015;332
17.11.2015;336
18.11.2015;335
19.11.2015;326
20.11.2015;322
21.11.2015;327
22.11.2015;323
23.11.2015;323
24.11.2015;321
25.11.2015;328
26.11.2015;352
27.11.2015;358
28.11.2015;357
29.11.2015;372
30.11.2015;376
01.12.2015;362
02.12.2015;360
03.12.2015;361
04.12.2015;363
05.12.2015;387
06.12.2015;387
07.12.2015;394
08.12.2015;418
09.12.2015;418
10.12.2015;415
11.12.2015;452
12.12.2015;436
13.12.2015;433
14.12.2015;444
15.12.2015;464
16.12.2015;453
17.12.2015;455
18.12.2015;463
19.12.2015;461
20.12.2015;442
21.12.2015;436
22.12.2015;433
23.12.2015;442
24.12.2015;455
25.12.2015;455
26.12.2015;419
27.12.2015;424
28.12.2015;421
29.12.2015;433
30.12.2015;427
31.12.2015;430
01.01.2016;435
02.01.2016;435
03.01.2016;431
04.01.2016;433
05.01.2016;433
06.01.2016;430
07.01.2016;459
08.01.2016;454
09.01.2016;450
10.01.2016;449
11.01.2016;449
12.01.2016;434
13.01.2016;432
14.01.2016;430
15.01.2016;357
16.01.2016;388
17.01.2016;378
18.01.2016;384
19.01.2016;375
20.01.2016;418
21.01.2016;409
22.01.2016;382
23.01.2016;387
24.01.2016;403
25.01.2016;391
26.01.2016;391
27.01.2016;394
28.01.2016;379
29.01.2016;378
30.01.2016;378
31.01.2016;367
01.02.2016;371
02.02.2016;372
03.02.2016;368
04.02.2016;387
05.02.2016;384
06.02.2016;375
07.02.2016;377
08.02.2016;371
09.02.2016;372
10.02.2016;378
11.02.2016;378
12.02.2016;382
13.02.2016;391
14.02.2016;406
15.02.2016;398
16.02.2016;407
17.02.2016;415
18.02.2016;421
19.02.2016;420
20.02.2016;437
21.02.2016;438
22.02.2016;437
23.02.2016;419
24.02.2016;423
25.02.2016;423
26.02.2016;430
27.02.2016;433
28.02.2016;433
29.02.2016;436
01.03.2016;433
02.03.2016;420
03.03.2016;418
04.03.2016;407
05.03.2016;396
06.03.2016;403
07.03.2016;412
08.03.2016;411
09.03.2016;412
10.03.2016;415
11.03.2016;419
12.03.2016;410
13.03.2016;412
14.03.2016;415
15.03.2016;415
16.03.2016;416
17.03.2016;418
18.03.2016;409
19.03.2016;410
20.03.2016;411
21.03.2016;412
22.03.2016;416
23.03.2016;417
24.03.2016;412
25.03.2016;416
26.03.2016;416
27.03.2016;425
28.03.2016;423
29.03.2016;416
30.03.2016;412
31.03.2016;416
01.04.2016;417
02.04.2016;419
03.04.2016;420
04.04.2016;419
05.04.2016;422
06.04.2016;421
07.04.2016;421
08.04.2016;419
09.04.2016;419
10.04.2016;423
11.04.2016;423
12.04.2016;427
13.04.2016;425
14.04.2016;426
15.04.2016;430
16.04.2016;433
17.04.2016;431
18.04.2016;430
19.04.2016;437
20.04.2016;442
21.04.2016;452
22.04.2016;448
23.04.2016;455
24.04.2016;464
25.04.2016;466
26.04.2016;470
27.04.2016;445
28.04.2016;451
29.04.2016;458
30.04.2016;454
01.05.2016;456
02.05.2016;446
03.05.2016;452
04.05.2016;448
05.05.2016;449
06.05.2016;462
07.05.2016;461
08.05.2016;462
09.05.2016;464
10.05.2016;452
11.05.2016;454
12.05.2016;456
13.05.2016;457
14.05.2016;458
15.05.2016;461
16.05.2016;455
17.05.2016;454
18.05.2016;455
19.05.2016;438
20.05.2016;445
21.05.2016;446
22.05.2016;442
23.05.2016;445
24.05.2016;446
25.05.2016;451
26.05.2016;454
27.05.2016;471
28.05.2016;523
29.05.2016;525
30.05.2016;532
31.05.2016;531
01.06.2016;534
02.06.2016;537
03.06.2016;571
04.06.2016;576
05.06.2016;575
06.06.2016;586
07.06.2016;579
08.06.2016;583
09.06.2016;577
10.06.2016;580
11.06.2016;609
12.06.2016;677
13.06.2016;706
14.06.2016;684
15.06.2016;698
16.06.2016;769
17.06.2016;752
18.06.2016;758
19.06.2016;768
20.06.2016;703
21.06.2016;667
22.06.2016;604
23.06.2016;631
24.06.2016;669
25.06.2016;673
26.06.2016;638
27.06.2016;657
28.06.2016;648
29.06.2016;639
30.06.2016;673
01.07.2016;678
02.07.2016;704
03.07.2016;663
04.07.2016;681
05.07.2016;669
06.07.2016;678
07.07.2016;641
08.07.2016;667
09.07.2016;657
10.07.2016;652
11.07.2016;650
12.07.2016;666
13.07.2016;655
14.07.2016;661
15.07.2016;667
16.07.2016;666
17.07.2016;680
18.07.2016;675
19.07.2016;673
20.07.2016;666
21.07.2016;667
22.07.2016;654
23.07.2016;657
24.07.2016;661
25.07.2016;657
26.07.2016;654
27.07.2016;657
28.07.2016;657
29.07.2016;657
30.07.2016;655
31.07.2016;626
01.08.2016;605
02.08.2016;537
03.08.2016;573
04.08.2016;587
05.08.2016;583
06.08.2016;591
07.08.2016;595
08.08.2016;591
09.08.2016;586
10.08.2016;594
11.08.2016;587
12.08.2016;587
13.08.2016;586
14.08.2016;574
15.08.2016;567
16.08.2016;579
17.08.2016;574
18.08.2016;574
19.08.2016;573
20.08.2016;581
21.08.2016;581
22.08.2016;585
23.08.2016;582
24.08.2016;578
25.08.2016;575
26.08.2016;579
27.08.2016;570
28.08.2016;575
29.08.2016;573
30.08.2016;574
31.08.2016;572
01.09.2016;573
02.09.2016;576
03.09.2016;600
04.09.2016;611
05.09.2016;605
06.09.2016;612
07.09.2016;615
08.09.2016;627
09.09.2016;622
10.09.2016;623
11.09.2016;607
12.09.2016;606
13.09.2016;608
14.09.2016;608
15.09.2016;605
16.09.2016;607
17.09.2016;607
18.09.2016;611
19.09.2016;608
20.09.2016;605
21.09.2016;597
22.09.2016;596
23.09.2016;602
24.09.2016;603
25.09.2016;601
26.09.2016;607
27.09.2016;605
28.09.2016;605
29.09.2016;605
30.09.2016;608
01.10.2016;615
02.10.2016;612
03.10.2016;612
04.10.2016;610
05.10.2016;613
06.10.2016;611
07.10.2016;617
08.10.2016;619
09.10.2016;617
10.10.2016;618
11.10.2016;642
12.10.2016;635
13.10.2016;635
14.10.2016;638
15.10.2016;638
16.10.2016;641
17.10.2016;639
18.10.2016;635
19.10.2016;629
20.10.2016;628
21.10.2016;630
22.10.2016;652
23.10.2016;651
24.10.2016;649
25.10.2016;654
26.10.2016;674
27.10.2016;691
28.10.2016;689
29.10.2016;714
30.10.2016;697
31.10.2016;696
01.11.2016;730
02.11.2016;744
03.11.2016;690
04.11.2016;706
05.11.2016;706
06.11.2016;717
07.11.2016;706
08.11.2016;711
09.11.2016;720
10.11.2016;712
11.11.2016;716
12.11.2016;704
13.11.2016;704
14.11.2016;708
15.11.2016;712
16.11.2016;739
17.11.2016;730
18.11.2016;748
19.11.2016;750
20.11.2016;731
21.11.2016;736
22.11.2016;746
23.11.2016;741
24.11.2016;737
25.11.2016;739
26.11.2016;735
27.11.2016;729
28.11.2016;729
29.11.2016;732
30.11.2016;742
01.12.2016;754
02.12.2016;769
03.12.2016;766
04.12.2016;767
05.12.2016;752
06.12.2016;759
07.12.2016;764
08.12.2016;767
09.12.2016;773
10.12.2016;775
11.12.2016;771
12.12.2016;778
13.12.2016;776
14.12.2016;777
15.12.2016;776
16.12.2016;780
17.12.2016;788
18.12.2016;790
19.12.2016;790
20.12.2016;798
21.12.2016;834
22.12.2016;856
23.12.2016;917
24.12.2016;891
25.12.2016;896
26.12.2016;902
27.12.2016;925
28.12.2016;982
29.12.2016;970
30.12.2016;960
31.12.2016;973
01.01.2017;992
02.01.2017;1011
03.01.2017;1020
04.01.2017;1130
05.01.2017;1007
06.01.2017;895
07.01.2017;909
08.01.2017;923
09.01.2017;902
10.01.2017;907
11.01.2017;795
12.01.2017;812
13.01.2017;831
14.01.2017;828
15.01.2017;833
16.01.2017;834
17.01.2017;906
18.01.2017;887
19.01.2017;902
20.01.2017;894
21.01.2017;925
22.01.2017;931
23.01.2017;910
24.01.2017;887
25.01.2017;896
26.01.2017;917
27.01.2017;922
28.01.2017;924
29.01.2017;916
30.01.2017;923
31.01.2017;970
01.02.2017;992
02.02.2017;1008
03.02.2017;1018
04.02.2017;1035
05.02.2017;1016
06.02.2017;1022
07.02.2017;1053
08.02.2017;1056
09.02.2017;994
10.02.2017;1001
11.02.2017;1018
12.02.2017;1010
13.02.2017;1002
14.02.2017;1013
15.02.2017;1014
16.02.2017;1038
17.02.2017;1057
18.02.2017;1062
19.02.2017;1059
20.02.2017;1089
21.02.2017;1128
22.02.2017;1128
23.02.2017;1186
24.02.2017;1186
25.02.2017;1158
26.02.2017;1184
27.02.2017;1195
28.02.2017;1195
01.03.2017;1230
02.03.2017;1269
03.03.2017;1292
04.03.2017;1273
05.03.2017;1278
06.03.2017;1284
07.03.2017;1237
08.03.2017;1150
09.03.2017;1197
10.03.2017;1109
11.03.2017;1188
12.03.2017;1235
13.03.2017;1245
14.03.2017;1247
15.03.2017;1263
16.03.2017;1175
17.03.2017;1069
18.03.2017;970
19.03.2017;1019
20.03.2017;1044
21.03.2017;1114
22.03.2017;1034
23.03.2017;1025
24.03.2017;934
25.03.2017;963
26.03.2017;973
27.03.2017;1042
28.03.2017;1045
29.03.2017;1043
30.03.2017;1042
31.03.2017;1088
01.04.2017;1092
02.04.2017;1113
03.04.2017;1152
04.04.2017;1143
05.04.2017;1132
06.04.2017;1192
07.04.2017;1194
08.04.2017;1184
09.04.2017;1210
10.04.2017;1210
11.04.2017;1223
12.04.2017;1214
13.04.2017;1177
14.04.2017;1173
15.04.2017;1178
16.04.2017;1177
17.04.2017;1189
18.04.2017;1201
19.04.2017;1214
20.04.2017;1236
21.04.2017;1249
22.04.2017;1247
23.04.2017;1251
24.04.2017;1257
25.04.2017;1281
26.04.2017;1298
27.04.2017;1349
28.04.2017;1353
29.04.2017;1365
30.04.2017;1384
01.05.2017;1436
02.05.2017;1471
03.05.2017;1533
04.05.2017;1563
05.05.2017;1551
06.05.2017;1585
07.05.2017;1609
08.05.2017;1713
09.05.2017;1720
10.05.2017;1794
11.05.2017;1837
12.05.2017;1695
13.05.2017;1792
14.05.2017;1799
15.05.2017;1747
16.05.2017;1777
17.05.2017;1813
18.05.2017;1899
19.05.2017;1976
20.05.2017;2058
21.05.2017;2057
22.05.2017;2123
23.05.2017;2272
24.05.2017;2432
25.05.2017;2355
26.05.2017;2272
27.05.2017;2099
28.05.2017;2232
29.05.2017;2279
30.05.2017;2191
31.05.2017;2303
01.06.2017;2419
02.06.2017;2478
03.06.2017;2548
04.06.2017;2521
05.06.2017;2698
06.06.2017;2871
07.06.2017;2685
08.06.2017;2799
09.06.2017;2811
10.06.2017;2931
11.06.2017;2998
12.06.2017;2655
13.06.2017;2709
14.06.2017;2432
15.06.2017;2409
16.06.2017;2480
17.06.2017;2634
18.06.2017;2515
19.06.2017;2596
20.06.2017;2725
21.06.2017;2643
22.06.2017;2679
23.06.2017;2690
24.06.2017;2574
25.06.2017;2505
26.06.2017;2407
27.06.2017;2575
28.06.2017;2553
29.06.2017;2530
30.06.2017;2455
01.07.2017;2423
02.07.2017;2516
03.07.2017;2542
04.07.2017;2602
05.07.2017;2089
09.07.2017;2508
10.07.2017;2331
11.07.2017;2310
12.07.2017;2383
13.07.2017;2340
14.07.2017;2217
15.07.2017;1964
16.07.2017;1911
17.07.2017;2235
18.07.2017;2308
19.07.2017;2258
20.07.2017;2873
21.07.2017;2657
22.07.2017;2825
23.07.2017;2754
24.07.2017;2762
25.07.2017;2564
26.07.2017;2525
27.07.2017;2664
28.07.2017;2786
29.07.2017;2700
30.07.2017;2723
31.07.2017;2856
01.08.2017;2732
02.08.2017;2699
03.08.2017;2787
04.08.2017;2857
05.08.2017;3243
06.08.2017;3222
07.08.2017;3398
08.08.2017;3422
09.08.2017;3342
10.08.2017;3444
11.08.2017;3656
12.08.2017;3874
13.08.2017;4060
14.08.2017;4320
15.08.2017;4159
16.08.2017;4370
17.08.2017;4280
18.08.2017;4101
19.08.2017;4157
20.08.2017;4050
21.08.2017;4002
22.08.2017;4092
23.08.2017;4143
24.08.2017;4312
25.08.2017;4360
26.08.2017;4344
27.08.2017;4340
28.08.2017;4384
29.08.2017;4599
30.08.2017;4581
31.08.2017;4743
01.09.2017;4947
02.09.2017;4649
03.09.2017;4626
04.09.2017;4498
05.09.2017;4432
06.09.2017;4616
07.09.2017;4624
08.09.2017;4350
09.09.2017;4334
10.09.2017;4251
11.09.2017;4210
12.09.2017;4164
13.09.2017;3855
14.09.2017;3250
15.09.2017;3740
16.09.2017;3726
17.09.2017;3650
19.09.2017;3910
20.09.2017;3990
21.09.2017;3617
22.09.2017;3619
23.09.2017;3787
24.09.2017;3669
25.09.2017;3919
26.09.2017;3885
27.09.2017;4200
28.09.2017;4189
29.09.2017;4156
30.09.2017;4339
01.10.2017;4394
02.10.2017;4392
03.10.2017;4307
04.10.2017;4214
05.10.2017;4320
06.10.2017;4362
07.10.2017;4425
08.10.2017;4603
09.10.2017;4769
10.10.2017;4750
11.10.2017;4814
12.10.2017;5440
13.10.2017;5624
14.10.2017;5819
15.10.2017;5693
16.10.2017;5754
17.10.2017;5594
18.10.2017;5574
19.10.2017;5704
20.10.2017;5989
21.10.2017;6024
22.10.2017;6005
23.10.2017;5905
24.10.2017;5525
25.10.2017;5739
26.10.2017;5891
27.10.2017;5780
28.10.2017;5752
29.10.2017;6140
30.10.2017;6124
31.10.2017;6445
01.11.2017;6783
02.11.2017;7039
03.11.2017;7170
04.11.2017;7412
05.11.2017;7392
06.11.2017;6969
07.11.2017;7126
08.11.2017;7467
09.11.2017;7156
10.11.2017;6577
11.11.2017;6346
12.11.2017;5886
13.11.2017;6535
14.11.2017;6605
15.11.2017;7294
16.11.2017;7838
17.11.2017;7714
18.11.2017;7777
19.11.2017;8031
20.11.2017;8256
21.11.2017;8109
22.11.2017;8250
23.11.2017;8031
24.11.2017;8215
25.11.2017;8795
26.11.2017;9401
27.11.2017;9768
28.11.2017;9949
29.11.2017;9935
30.11.2017;9903
01.12.2017;10869
02.12.2017;10930
03.12.2017;11290
04.12.2017;11643
05.12.2017;11718
06.12.2017;14090
07.12.2017;17390
08.12.2017;16367
09.12.2017;15309
10.12.2017;15290
11.12.2017;16885
12.12.2017;17730
13.12.2017;16689
14.12.2017;16749
15.12.2017;17738
16.12.2017;19650
17.12.2017;19378
18.12.2017;19039
19.12.2017;17838
20.12.2017;16496
21.12.2017;15758
22.12.2017;14210
23.12.2017;15075
24.12.2017;14221
25.12.2017;14171
26.12.2017;15790
27.12.2017;15360
28.12.2017;14450
29.12.2017;14565
30.12.2017;12839
31.12.2017;13863
01.01.2018;13480
02.01.2018;14781
03.01.2018;15098
04.01.2018;15144
05.01.2018;16960
06.01.2018;17098
07.01.2018;16174
08.01.2018;14993
09.01.2018;14480
10.01.2018;14875
11.01.2018;13308
12.01.2018;13820
13.01.2018;14187
14.01.2018;13656
15.01.2018;13590
16.01.2018;11570
17.01.2018;11200
18.01.2018;11305
19.01.2018;11498
20.01.2018;12762
21.01.2018;11518
22.01.2018;10766
23.01.2018;10824
24.01.2018;11356
25.01.2018;11118
26.01.2018;11086
27.01.2018;11319
28.01.2018;11536
29.01.2018;11123
30.01.2018;9995
31.01.2018;10099
01.02.2018;9014
02.02.2018;8787
03.02.2018;9240
04.02.2018;8167
05.02.2018;6905
06.02.2018;7688
07.02.2018;7575
08.02.2018;8218
09.02.2018;8671
10.02.2018;8547
11.02.2018;8072
12.02.2018;8872
13.02.2018;8520
14.02.2018;9472
15.02.2018;10031
16.02.2018;10167
17.02.2018;11121
18.02.2018;10380
19.02.2018;11140
20.02.2018;11235
21.02.2018;10454
22.02.2018;9830
23.02.2018;10144
24.02.2018;9688
25.02.2018;9595
26.02.2018;10300
27.02.2018;10566
28.02.2018;10307
01.03.2018;10895
02.03.2018;11000
03.03.2018;11432
04.03.2018;11469
05.03.2018;11377
06.03.2018;10700
07.03.2018;9925
08.03.2018;9304
09.03.2018;9255
10.03.2018;8795
11.03.2018;9533
12.03.2018;9120
13.03.2018;9145
14.03.2018;8207
15.03.2018;8259
16.03.2018;8275
17.03.2018;7857
18.03.2018;8192
19.03.2018;8589
20.03.2018;8900
21.03.2018;8891
22.03.2018;8715
23.03.2018;8927
24.03.2018;8531
25.03.2018;8453
26.03.2018;8145
27.03.2018;7793
28.03.2018;7942
29.03.2018;7080
30.03.2018;6848
31.03.2018;6928
01.04.2018;6816
02.04.2018;7045
03.04.2018;7424
04.04.2018;6791
05.04.2018;6785
06.04.2018;6619
07.04.2018;6894
08.04.2018;7020
09.04.2018;6771
10.04.2018;6824
11.04.2018;6942
12.04.2018;7916
13.04.2018;7893
14.04.2018;8003
15.04.2018;8355
16.04.2018;8048
17.04.2018;7892
18.04.2018;8152
19.04.2018;8274
20.04.2018;8866
21.04.2018;8915
22.04.2018;8795
23.04.2018;8931
24.04.2018;9645
25.04.2018;8865
26.04.2018;9272
27.04.2018;8922
28.04.2018;9329
29.04.2018;9389
30.04.2018;9243
01.05.2018;9072
02.05.2018;9190
03.05.2018;9725
04.05.2018;9685
05.05.2018;9800
06.05.2018;9600
07.05.2018;9353
08.05.2018;9177
09.05.2018;9300
10.05.2018;9010
11.05.2018;8403
12.05.2018;8475
13.05.2018;8686
14.05.2018;8670
15.05.2018;8477
16.05.2018;8344
17.05.2018;8059
18.05.2018;8238
19.05.2018;8235
20.05.2018;8516
21.05.2018;8393
22.05.2018;7987
23.05.2018;7505
24.05.2018;7584
25.05.2018;7459
26.05.2018;7337
27.05.2018;7346
28.05.2018;7107
29.05.2018;7460
30.05.2018;7380
31.05.2018;7485
01.06.2018;7514
02.06.2018;7636
03.06.2018;7706
04.06.2018;7487
05.06.2018;7612
06.06.2018;7655
07.06.2018;7684
08.06.2018;7618
09.06.2018;7496
10.06.2018;6770
11.06.2018;6881
12.06.2018;6545
13.06.2018;6302
14.06.2018;6638
15.06.2018;6391
16.06.2018;6484
17.06.2018;6447
18.06.2018;6709
19.06.2018;6736
20.06.2018;6759
21.06.2018;6719
22.06.2018;6059
23.06.2018;6178
24.06.2018;6149
25.06.2018;6246
26.06.2018;6074
27.06.2018;6132
28.06.2018;5851
29.06.2018;6202
30.06.2018;6383
01.07.2018;6349
02.07.2018;6611
03.07.2018;6502
04.07.2018;6587
05.07.2018;6532
06.07.2018;6600
07.07.2018;6753
08.07.2018;6701
09.07.2018;6664
10.07.2018;6303
11.07.2018;6390
12.07.2018;6249
13.07.2018;6216
14.07.2018;6248
15.07.2018;6348
16.07.2018;6728
17.07.2018;7315
18.07.2018;7378
19.07.2018;7470
20.07.2018;7334
21.07.2018;7408
22.07.2018;7397
23.07.2018;7720
24.07.2018;8385
25.07.2018;8157
26.07.2018;7931
27.07.2018;8184
28.07.2018;8228
29.07.2018;8216
30.07.2018;8170
31.07.2018;7727
01.08.2018;7603
02.08.2018;7533
03.08.2018;7414
04.08.2018;7005
05.08.2018;7030
06.08.2018;6938
07.08.2018;6718
08.08.2018;6282
09.08.2018;6546
10.08.2018;6146
11.08.2018;6235
12.08.2018;6316
13.08.2018;6253
14.08.2018;6195
15.08.2018;6269
16.08.2018;6315
17.08.2018;6585
18.08.2018;6396
19.08.2018;6489
20.08.2018;6258
21.08.2018;6475
22.08.2018;6359
23.08.2018;6526
24.08.2018;6690
25.08.2018;6737
26.08.2018;6709
27.08.2018;6911
28.08.2018;7071
29.08.2018;7030
30.08.2018;6983
31.08.2018;7015
01.09.2018;7191
02.09.2018;7295
03.09.2018;7256
04.09.2018;7360
05.09.2018;6687
06.09.2018;6495
07.09.2018;6395
08.09.2018;6188
09.09.2018;6235
10.09.2018;6300
11.09.2018;6282
12.09.2018;6326
13.09.2018;6485
14.09.2018;6478
15.09.2018;6518
16.09.2018;6498
17.09.2018;6250
18.09.2018;6335
19.09.2018;6386
20.09.2018;6493
21.09.2018;6750
22.09.2018;6707
23.09.2018;6696
24.09.2018;6582
25.09.2018;6436
26.09.2018;6455
27.09.2018;6680
28.09.2018;6620
29.09.2018;6581
30.09.2018;6605
01.10.2018;6572
02.10.2018;6498
03.10.2018;6466
04.10.2018;6547
05.10.2018;6593
06.10.2018;6552
07.10.2018;6570
08.10.2018;6608
09.10.2018;6589
10.10.2018;6524
11.10.2018;6154
12.10.2018;6188
13.10.2018;6196
14.10.2018;6183
15.10.2018;6440
16.10.2018;6457
17.10.2018;6443
18.10.2018;6394
19.10.2018;6382
20.10.2018;6414
21.10.2018;6415
22.10.2018;6407
23.10.2018;6395
24.10.2018;6415
25.10.2018;6395
26.10.2018;6404
27.10.2018;6409
28.10.2018;6403
29.10.2018;6266
30.10.2018;6267
31.10.2018;6304
01.11.2018;6344
02.11.2018;6349
03.11.2018;6331
04.11.2018;6423
05.11.2018;6404
06.11.2018;6448
07.11.2018;6503
08.11.2018;6406
09.11.2018;6334
10.11.2018;6347
11.11.2018;6357
12.11.2018;6327
13.11.2018;6259
14.11.2018;5605
15.11.2018;5579
16.11.2018;5512
17.11.2018;5504
18.11.2018;5560
19.11.2018;4733
20.11.2018;4349
21.11.2018;4545
22.11.2018;4265
23.11.2018;4283
24.11.2018;3774
25.11.2018;3936
26.11.2018;3731
27.11.2018;3775
28.11.2018;4225
29.11.2018;4248
30.11.2018;3976
01.12.2018;4142
02.12.2018;4103
03.12.2018;3833
04.12.2018;3901
05.12.2018;3694
06.12.2018;3433
07.12.2018;3380
08.12.2018;3401
09.12.2018;3531
10.12.2018;3410
11.12.2018;3349
12.12.2018;3430
13.12.2018;3265
14.12.2018;3195
15.12.2018;3183
16.12.2018;3195
17.12.2018;3496
18.12.2018;3667
19.12.2018;3715
20.12.2018;4075
21.12.2018;3839
22.12.2018;3980
23.12.2018;3944
24.12.2018;4034
25.12.2018;3780
26.12.2018;3809
27.12.2018;3589
28.12.2018;3888
29.12.2018;3729
30.12.2018;3829
31.12.2018;3691
01.01.2019;3826
02.01.2019;3890
03.01.2019;3787
04.01.2019;3820
05.01.2019;3798
06.01.2019;4040
07.01.2019;4006
08.01.2019;3993
09.01.2019;4004
10.01.2019;3626
11.01.2019;3635
12.01.2019;3619
13.01.2019;3514
14.01.2019;3664
15.01.2019;3580
16.01.2019;3609
17.01.2019;3640
18.01.2019;3607
19.01.2019;3682
20.01.2019;3536
21.01.2019;3531
22.01.2019;3577
23.01.2019;3553
24.01.2019;3568
25.01.2019;3562
26.01.2019;3556
27.01.2019;3531
28.01.2019;3429
29.01.2019;3397
30.01.2019;3437
31.01.2019;3411
01.02.2019;3437
02.02.2019;3468
03.02.2019;3414
04.02.2019;3409
05.02.2019;3428
06.02.2019;3367
07.02.2019;3359
08.02.2019;3621
09.02.2019;3623
10.02.2019;3648
11.02.2019;3590
12.02.2019;3588
13.02.2019;3576
14.02.2019;3561
15.02.2019;3566
16.02.2019;3582
17.02.2019;3625
18.02.2019;3867
19.02.2019;3888
20.02.2019;3938
21.02.2019;3897
22.02.2019;3942
23.02.2019;4110
24.02.2019;3734
25.02.2019;3818
26.02.2019;3799
27.02.2019;3799
28.02.2019;3792
01.03.2019;3806
02.03.2019;3809
03.03.2019;3786
04.03.2019;3700
05.03.2019;3844
06.03.2019;3851
07.03.2019;3857
08.03.2019;3843
09.03.2019;3917
10.03.2019;3900
11.03.2019;3849
12.03.2019;3860
13.03.2019;3851
14.03.2019;3853
15.03.2019;3902
16.03.2019;3990
17.03.2019;3967
18.03.2019;3970
19.03.2019;4000
20.03.2019;4031
21.03.2019;3972
22.03.2019;3983
23.03.2019;3983
24.03.2019;3969
25.03.2019;3907
26.03.2019;3921
27.03.2019;4026
28.03.2019;4011
29.03.2019;4091
30.03.2019;4094
31.03.2019;4094
01.04.2019;4137
02.04.2019;4901
03.04.2019;4975
04.04.2019;4906
05.04.2019;5040
06.04.2019;5049
07.04.2019;5194
08.04.2019;5285
09.04.2019;5187
10.04.2019;5318
11.04.2019;5041
12.04.2019;5078
13.04.2019;5066
14.04.2019;5164
15.04.2019;5029
16.04.2019;5202
17.04.2019;5227
18.04.2019;5281
19.04.2019;5290
20.04.2019;5319
21.04.2019;5297
22.04.2019;5387
23.04.2019;5532
24.04.2019;5441
25.04.2019;5134
26.04.2019;5159
27.04.2019;5170
28.04.2019;5155
29.04.2019;5148
30.04.2019;5270
01.05.2019;5321
02.05.2019;5390
03.05.2019;5657
04.05.2019;5770
05.05.2019;5715
06.05.2019;5687
07.05.2019;5748
08.05.2019;5948
09.05.2019;6153
10.05.2019;6343
11.05.2019;7219
12.05.2019;6979
13.05.2019;7824
14.05.2019;7990
15.05.2019;8203
16.05.2019;7878
17.05.2019;7363
18.05.2019;7262
19.05.2019;8200
20.05.2019;7999
21.05.2019;7951
22.05.2019;7626
23.05.2019;7881
24.05.2019;8001
25.05.2019;8063
26.05.2019;8731
27.05.2019;8772
28.05.2019;8715
29.05.2019;8662
30.05.2019;8279
31.05.2019;8554
01.06.2019;8558
02.06.2019;8736
03.06.2019;8107
04.06.2019;7670
05.06.2019;7789
06.06.2019;7805
07.06.2019;7998
08.06.2019;7930
09.06.2019;7634
10.06.2019;8015
11.06.2019;7918
12.06.2019;8176
13.06.2019;8239
14.06.2019;8697
15.06.2019;8860
16.06.2019;8975
17.06.2019;9333
18.06.2019;9078
19.06.2019;9277
20.06.2019;9531
21.06.2019;10236
22.06.2019;10666
23.06.2019;10833
24.06.2019;11032
25.06.2019;11755
26.06.2019;12927
27.06.2019;11159
28.06.2019;12360
29.06.2019;11865
30.06.2019;10761
01.07.2019;10577
02.07.2019;10829
03.07.2019;11976
04.07.2019;11136
05.07.2019;11004
06.07.2019;11237
07.07.2019;11474
08.07.2019;12293
09.07.2019;12571
10.07.2019;12097
11.07.2019;11349
12.07.2019;11802
13.07.2019;11370
14.07.2019;10185
15.07.2019;10854
16.07.2019;9422
17.07.2019;9696
18.07.2019;10649
19.07.2019;10538
20.07.2019;10761
21.07.2019;10590
22.07.2019;10323
23.07.2019;9840
24.07.2019;9772
25.07.2019;9883
26.07.2019;9843
27.07.2019;9479
28.07.2019;9533
29.07.2019;9495
30.07.2019;9589
31.07.2019;10087
01.08.2019;10405
02.08.2019;10533
03.08.2019;10820
04.08.2019;10977
05.08.2019;11819
06.08.2019;11465
07.08.2019;11975
08.08.2019;11981
09.08.2019;11856
10.08.2019;11280
11.08.2019;11540
12.08.2019;11389
13.08.2019;10854
14.08.2019;10025
15.08.2019;10300
16.08.2019;10352
17.08.2019;10217
18.08.2019;10315
19.08.2019;10920
20.08.2019;10769
21.08.2019;10130
22.08.2019;10107
23.08.2019;10410
24.08.2019;10147
25.08.2019;10138
26.08.2019;10361
27.08.2019;10171
28.08.2019;9714
29.08.2019;9495
30.08.2019;9582
31.08.2019;9600
01.09.2019;9766
02.09.2019;10381
03.09.2019;10628
04.09.2019;10581
05.09.2019;10574
06.09.2019;10308
07.09.2019;10484
08.09.2019;10398
09.09.2019;10310
10.09.2019;10093
11.09.2019;10160
12.09.2019;10423
13.09.2019;10365
14.09.2019;10360
15.09.2019;10304
16.09.2019;10262
17.09.2019;10185
18.09.2019;10155
19.09.2019;10275
20.09.2019;10168
21.09.2019;9973
22.09.2019;10026
23.09.2019;9844
24.09.2019;8530
25.09.2019;8438
26.09.2019;8060
27.09.2019;8193
28.09.2019;8217
29.09.2019;8052
30.09.2019;8304
01.10.2019;8321
02.10.2019;8381
03.10.2019;8240
04.10.2019;8156
05.10.2019;8147
06.10.2019;7859
07.10.2019;8209
08.10.2019;8180
09.10.2019;8590
10.10.2019;8587
11.10.2019;8267
12.10.2019;8309
13.10.2019;8282
14.10.2019;8355
15.10.2019;8162
16.10.2019;7993
17.10.2019;8076
18.10.2019;7954
19.10.2019;7965
20.10.2019;8236
21.10.2019;8209
22.10.2019;8024
23.10.2019;7474
24.10.2019;7430
25.10.2019;8668
26.10.2019;9259
27.10.2019;9548
28.10.2019;9226
29.10.2019;9430
30.10.2019;9164
31.10.2019;9159
01.11.2019;9253
02.11.2019;9308
03.11.2019;9206
04.11.2019;9412
05.11.2019;9322
06.11.2019;9341
07.11.2019;9198
08.11.2019;8763
09.11.2019;8807
10.11.2019;9032
11.11.2019;8721
12.11.2019;8810
13.11.2019;8758
14.11.2019;8630
15.11.2019;8457
16.11.2019;8481
17.11.2019;8500
18.11.2019;8168
19.11.2019;8123
20.11.2019;8082
21.11.2019;7616
22.11.2019;7283
23.11.2019;7329
24.11.2019;6908
25.11.2019;7127
26.11.2019;7162
27.11.2019;7523
28.11.2019;7432
29.11.2019;7760
30.11.2019;7555
01.12.2019;7404
02.12.2019;7305
03.12.2019;7302
04.12.2019;7198
05.12.2019;7393
06.12.2019;7540
07.12.2019;7502
08.12.2019;7520
09.12.2019;7337
10.12.2019;7219
11.12.2019;7201
12.12.2019;7185
13.12.2019;7249
14.12.2019;7062
15.12.2019;7111
16.12.2019;6877
17.12.2019;6616
18.12.2019;7285
19.12.2019;7149
20.12.2019;7190
21.12.2019;7143
22.12.2019;7513
23.12.2019;7310
24.12.2019;7255
25.12.2019;7192
26.12.2019;7194
27.12.2019;7245
28.12.2019;7302
29.12.2019;7384
30.12.2019;7218
31.12.2019;7165
01.01.2020;7174
02.01.2020;6945
03.01.2020;7334
04.01.2020;7348
05.01.2020;7355
06.01.2020;7764
07.01.2020;8158
08.01.2020;8045
09.01.2020;7813
10.01.2020;8198
11.01.2020;8020
12.01.2020;8180
13.01.2020;8104
14.01.2020;8815
15.01.2020;8808
16.01.2020;8714
17.01.2020;8899
18.01.2020;8909
19.01.2020;8697
20.01.2020;8628
21.01.2020;8722
22.01.2020;8660
23.01.2020;8385
24.01.2020;8427
25.01.2020;8326
26.01.2020;8595
27.01.2020;8895
28.01.2020;9394
29.01.2020;9288
30.01.2020;9503
31.01.2020;9334
01.02.2020;9380
02.02.2020;9323
03.02.2020;9280
04.02.2020;9164
05.02.2020;9613
06.02.2020;9763
07.02.2020;9808
08.02.2020;9905
09.02.2020;10168
10.02.2020;9851
11.02.2020;10270
12.02.2020;10351
13.02.2020;10236
14.02.2020;10371
15.02.2020;9911
16.02.2020;9921
17.02.2020;9700
18.02.2020;10188
19.02.2020;9600
20.02.2020;9610
21.02.2020;9695
22.02.2020;9668
23.02.2020;9965
24.02.2020;9660
25.02.2020;9305
26.02.2020;8778
27.02.2020;8812
28.02.2020;8708
29.02.2020;8525
01.03.2020;8522
02.03.2020;8915
03.03.2020;8757
04.03.2020;8760
05.03.2020;9070
06.03.2020;9158
07.03.2020;8901
08.03.2020;8037
09.03.2020;7934
10.03.2020;7894
11.03.2020;7938
12.03.2020;4857
13.03.2020;5637
14.03.2020;5165
15.03.2020;5345
16.03.2020;5037
17.03.2020;5331
18.03.2020;5413
19.03.2020;6186
20.03.2020;6206
21.03.2020;6198
22.03.2020;5818
23.03.2020;6490
24.03.2020;6766
25.03.2020;6690
26.03.2020;6758
27.03.2020;6372
28.03.2020;6251
29.03.2020;5877
30.03.2020;6406
31.03.2020;6424
01.04.2020;6666
02.04.2020;6804
03.04.2020;6741
04.04.2020;6874
05.04.2020;6778
06.04.2020;7341
07.04.2020;7200
08.04.2020;7370
09.04.2020;7293
10.04.2020;6871
11.04.2020;6889
12.04.2020;6908
13.04.2020;6861
14.04.2020;6877
15.04.2020;6624
16.04.2020;7112
17.04.2020;7037
18.04.2020;7261
19.04.2020;7130
20.04.2020;6838
21.04.2020;6853
22.04.2020;7136
23.04.2020;7488
24.04.2020;7514
25.04.2020;7547
26.04.2020;7706
27.04.2020;7789
28.04.2020;7755
29.04.2020;8793
30.04.2020;8624
01.05.2020;8829
02.05.2020;8985
03.05.2020;8909
04.05.2020;8883
05.05.2020;9028
06.05.2020;9155
07.05.2020;10004
08.05.2020;9810
09.05.2020;9537
10.05.2020;8729
11.05.2020;8572
12.05.2020;8821
13.05.2020;9321
14.05.2020;9795
15.05.2020;9312
16.05.2020;9383
17.05.2020;9676
18.05.2020;9728
19.05.2020;9783
20.05.2020;9509
21.05.2020;9061
22.05.2020;9168
23.05.2020;9181
24.05.2020;8715
25.05.2020;8899
26.05.2020;8844
27.05.2020;9208
28.05.2020;9581
29.05.2020;9423
30.05.2020;9700
31.05.2020;9446
01.06.2020;10208
02.06.2020;9522
03.06.2020;9668
04.06.2020;9788
05.06.2020;9613
06.06.2020;9671
07.06.2020;9750
08.06.2020;9781
09.06.2020;9779
10.06.2020;9894
11.06.2020;9268
12.06.2020;9464
13.06.2020;9475
14.06.2020;9325
15.06.2020;9432
16.06.2020;9526
17.06.2020;9457
18.06.2020;9376
19.06.2020;9301
20.06.2020;9355
21.06.2020;9286
22.06.2020;9690
23.06.2020;9623
24.06.2020;9285
25.06.2020;9243
26.06.2020;9155
27.06.2020;9002
28.06.2020;9113
29.06.2020;9184
30.06.2020;9136
01.07.2020;9239
02.07.2020;9091
03.07.2020;9063
04.07.2020;9138
05.07.2020;9074
06.07.2020;9343
07.07.2020;9253
08.07.2020;9435
09.07.2020;9236
10.07.2020;9291
11.07.2020;9235
12.07.2020;9303
13.07.2020;9236
14.07.2020;9256
15.07.2020;9190
16.07.2020;9130
17.07.2020;9154
18.07.2020;9175
19.07.2020;9212
20.07.2020;9161
21.07.2020;9394
22.07.2020;9536
23.07.2020;9613
24.07.2020;9551
25.07.2020;9711
26.07.2020;9941
27.07.2020;11048
28.07.2020;10934
29.07.2020;11110
30.07.2020;11115
31.07.2020;11351
01.08.2020;11810
02.08.2020;11068
03.08.2020;11233
04.08.2020;11197
05.08.2020;11756
06.08.2020;11773
07.08.2020;11606
08.08.2020;11774
09.08.2020;11688
10.08.2020;11899
11.08.2020;11388
12.08.2020;11566
13.08.2020;11795
14.08.2020;11779
15.08.2020;11859
16.08.2020;11918
17.08.2020;12304
18.08.2020;11950
19.08.2020;11758
20.08.2020;11864
21.08.2020;11529
22.08.2020;11672
23.08.2020;11650
24.08.2020;11753
25.08.2020;11324
26.08.2020;11463
27.08.2020;11330
28.08.2020;11535
29.08.2020;11474
30.08.2020;11716
31.08.2020;11655
01.09.2020;11924
02.09.2020;11395
03.09.2020;10172
04.09.2020;10500
05.09.2020;10168
06.09.2020;10257
07.09.2020;10375
08.09.2020;10125
09.09.2020;10224
10.09.2020;10343
11.09.2020;10394
12.09.2020;10446
13.09.2020;10336
14.09.2020;10679
15.09.2020;10783
16.09.2020;10959
17.09.2020;10943
18.09.2020;10937
19.09.2020;11080
20.09.2020;10920
21.09.2020;10416
22.09.2020;10531
23.09.2020;10235
24.09.2020;10740
25.09.2020;10690
26.09.2020;10730
27.09.2020;10778
28.09.2020;10695
29.09.2020;10840
30.09.2020;10779
01.10.2020;10617
02.10.2020;10573
03.10.2020;10551
04.10.2020;10671
05.10.2020;10795
06.10.2020;10602
07.10.2020;10670
08.10.2020;10933
09.10.2020;11057
10.10.2020;11299
11.10.2020;11374
12.10.2020;11535
13.10.2020;11428
14.10.2020;11427
15.10.2020;11509
16.10.2020;11328
17.10.2020;11367
18.10.2020;11514
19.10.2020;11760
20.10.2020;11923
21.10.2020;12808
22.10.2020;12987
23.10.2020;12937
24.10.2020;13126
25.10.2020;13045
26.10.2020;13068
27.10.2020;13698
28.10.2020;13281
29.10.2020;13460
30.10.2020;13571
31.10.2020;13804
01.11.2020;13771
02.11.2020;13563
03.11.2020;14035
04.11.2020;14161
05.11.2020;15608
06.11.2020;15599
07.11.2020;14834
08.11.2020;15482
09.11.2020;15342
10.11.2020;15315
11.11.2020;15705
12.11.2020;16310
13.11.2020;16339
14.11.2020;16082
15.11.2020;15966
16.11.2020;16726
17.11.2020;17679
18.11.2020;17782
19.11.2020;17821
20.11.2020;18675
21.11.2020;18721
22.11.2020;18437
23.11.2020;18384
24.11.2020;19172
25.11.2020;18721
26.11.2020;17170
27.11.2020;17153
28.11.2020;17739
29.11.2020;18202
30.11.2020;19713
01.12.2020;18782
02.12.2020;19225
03.12.2020;19448
04.12.2020;18658
05.12.2020;19158
06.12.2020;19375
07.12.2020;19177
08.12.2020;18316
09.12.2020;18546
10.12.2020;18253
11.12.2020;18042
12.12.2020;18821
13.12.2020;19166
14.12.2020;19272
15.12.2020;19444
16.12.2020;21359
17.12.2020;22826
18.12.2020;23137
19.12.2020;23849
20.12.2020;23476
21.12.2020;22729
22.12.2020;23823
23.12.2020;23228
24.12.2020;23717
25.12.2020;24704
26.12.2020;26475
27.12.2020;26258
28.12.2020;27040
29.12.2020;27366
30.12.2020;28897
31.12.2020;28990
01.01.2021;29412
02.01.2021;32225
03.01.2021;33080
04.01.2021;32019
05.01.2021;34030
06.01.2021;36859
07.01.2021;39505
08.01.2021;40665
09.01.2021;40257
10.01.2021;38171
11.01.2021;35452
12.01.2021;34038
13.01.2021;37393
14.01.2021;39125
15.01.2021;36754
16.01.2021;36006
17.01.2021;35820
18.01.2021;36624
19.01.2021;35917
20.01.2021;35503
21.01.2021;30855
22.01.2021;32984
23.01.2021;32112
24.01.2021;32288
25.01.2021;32261
26.01.2021;32510
27.01.2021;30407
28.01.2021;33488
29.01.2021;34262
30.01.2021;34315
31.01.2021;33137
01.02.2021;33533
02.02.2021;35512
03.02.2021;37678
04.02.2021;36975
05.02.2021;38311
06.02.2021;39265
07.02.2021;38871
08.02.2021;46448
09.02.2021;46514
10.02.2021;44850
11.02.2021;47997
12.02.2021;47408
13.02.2021;47232
14.02.2021;48680
15.02.2021;47936
16.02.2021;49158
17.02.2021;52170
18.02.2021;51601
19.02.2021;55983
20.02.2021;55923
21.02.2021;57489
22.02.2021;54142
23.02.2021;48899
24.02.2021;49737
25.02.2021;47058
26.02.2021;46326
27.02.2021;46180
28.02.2021;45231
01.03.2021;49639
02.03.2021;48511
03.03.2021;50360
04.03.2021;48368
05.03.2021;48769
06.03.2021;48909
07.03.2021;50978
08.03.2021;52415
09.03.2021;54916
10.03.2021;55890
11.03.2021;57815
12.03.2021;57225
13.03.2021;61178
14.03.2021;58972
15.03.2021;55636
16.03.2021;56927
17.03.2021;58925
18.03.2021;57644
19.03.2021;58039
20.03.2021;58116
21.03.2021;57363
22.03.2021;54110
23.03.2021;54345
24.03.2021;52276
25.03.2021;51325
26.03.2021;55072
27.03.2021;55856
28.03.2021;55778
29.03.2021;57613
30.03.2021;58786
31.03.2021;58800
01.04.2021;58726
02.04.2021;58981
03.04.2021;57094
04.04.2021;58215
05.04.2021;59123
06.04.2021;58019
07.04.2021;55955
08.04.2021;58083
09.04.2021;58092
10.04.2021;59778
11.04.2021;59985
12.04.2021;59839
13.04.2021;63588
14.04.2021;62971
15.04.2021;63229
16.04.2021;61427
17.04.2021;60058
18.04.2021;56274
19.04.2021;55696
20.04.2021;56499
21.04.2021;53800
22.04.2021;51701
23.04.2021;51187
24.04.2021;50089
25.04.2021;49121
26.04.2021;54053
27.04.2021;55069
28.04.2021;54894
29.04.2021;53580
30.04.2021;57798
01.05.2021;57859
02.05.2021;56625
03.05.2021;57212
04.05.2021;53241
05.05.2021;57515
06.05.2021;56440
07.05.2021;57380
08.05.2021;58958
09.05.2021;58312
10.05.2021;55866
11.05.2021;56753
12.05.2021;49498
13.05.2021;49690
14.05.2021;49893
15.05.2021;46775
16.05.2021;46450
17.05.2021;43580
18.05.2021;42857
19.05.2021;36731
20.05.2021;40623
21.05.2021;37340
22.05.2021;37476
23.05.2021;34758
24.05.2021;38878
25.05.2021;38361
26.05.2021;39293
27.05.2021;38556
28.05.2021;35680
29.05.2021;34627
30.05.2021;35669
31.05.2021;37279
01.06.2021;36685
02.06.2021;37577
03.06.2021;39248
04.06.2021;36856
05.06.2021;35539
06.06.2021;35800
07.06.2021;33575
08.06.2021;33402
09.06.2021;37403
10.06.2021;36694
11.06.2021;37338
12.06.2021;35557
13.06.2021;39015
14.06.2021;40539
15.06.2021;40162
16.06.2021;38351
17.06.2021;38095
18.06.2021;35841
19.06.2021;35484
20.06.2021;35585
21.06.2021;31609
22.06.2021;32538
23.06.2021;33688
24.06.2021;34654
25.06.2021;31594
26.06.2021;32275
27.06.2021;34709
28.06.2021;34493
29.06.2021;35904
30.06.2021;35060
01.07.2021;33516
02.07.2021;33805
03.07.2021;34682
04.07.2021;35284
05.07.2021;33697
06.07.2021;34225
07.07.2021;33878
08.07.2021;32875
09.07.2021;33824
10.07.2021;33515
11.07.2021;34259
12.07.2021;33091
13.07.2021;32734
14.07.2021;32816
15.07.2021;31868
16.07.2021;31388
17.07.2021;31533
18.07.2021;31788
19.07.2021;30842
20.07.2021;29796
21.07.2021;32135
22.07.2021;32287
23.07.2021;33647
24.07.2021;34283
25.07.2021;35428
26.07.2021;37262
27.07.2021;39470
28.07.2021;40035
29.07.2021;40039
30.07.2021;42237
31.07.2021;41495
01.08.2021;39865
02.08.2021;39149
03.08.2021;38191
04.08.2021;39722
05.08.2021;40888
06.08.2021;42869
07.08.2021;44637
08.08.2021;43829
09.08.2021;46285
10.08.2021;45595
11.08.2021;45553
12.08.2021;44422
13.08.2021;47833
14.08.2021;47109
15.08.2021;47014
16.08.2021;45902
17.08.2021;44671
18.08.2021;44707
19.08.2021;46765
20.08.2021;49342
21.08.2021;48867
22.08.2021;49284
23.08.2021;49506
24.08.2021;47682
25.08.2021;48987
26.08.2021;46851
27.08.2021;49077
28.08.2021;48942
29.08.2021;48480
30.08.2021;46982
31.08.2021;47150
