03.01.2017;0.8;89.1;85.3;17.9;32.3;83.6;55.7;26.5;46.7;31.7;82.3;99.9;25.3;35.5;70.6;99.7;62.4;77.3;48.1;9.1
04.01.2017;0.3;87.8;89.7;19.6;33.1;80.8;55.3;26.9;47.6;29.7;84.6;100.0;25.3;35.0;72.0;99.7;61.5;81.6;45.7;10.4
05.01.2017;0.1;88.7;88.0;18.9;33.0;81.1;51.4;25.7;48.4;27.6;83.7;98.0;22.9;33.8;70.1;99.7;61.6;82.8;44.3;12.6
06.01.2017;3.5;86.9;87.8;17.8;31.9;81.9;47.6;26.0;49.0;26.0;83.8;96.2;21.1;32.6;66.6;99.7;60.5;82.8;43.2;12.4
09.01.2017;5.3;88.3;86.2;16.5;31.6;82.3;46.7;26.0;48.7;26.2;87.8;96.1;21.2;33.6;67.7;99.7;62.3;80.4;41.9;13.0
10.01.2017;6.4;92.6;83.4;15.7;32.0;82.9;49.2;27.8;48.4;27.2;91.2;96.2;21.5;36.2;70.5;99.7;64.3;81.0;41.4;13.2
11.01.2017;4.9;97.5;83.7;15.1;33.3;82.7;49.4;32.4;48.5;26.2;92.9;96.9;21.7;37.9;72.5;99.7;65.2;77.9;43.4;13.1
12.01.2017;3.3;97.8;84.3;14.3;32.0;80.4;47.7;34.2;48.4;25.6;95.2;95.7;20.4;34.7;72.8;99.7;64.8;79.5;47.0;12.4
13.01.2017;2.9;98.2;84.3;12.5;32.5;80.4;45.0;34.4;49.1;24.5;97.7;94.7;18.5;30.5;72.8;99.7;61.5;83.4;51.2;11.9
16.01.2017;4.3;97.2;85.0;9.9;33.4;80.5;44.9;36.8;50.9;23.1;100.0;93.6;17.8;29.0;72.0;99.7;61.5;82.5;51.4;12.2
17.01.2017;4.5;96.8;83.2;9.1;35.4;80.0;45.8;35.1;55.4;23.1;99.0;92.0;16.9;27.7;68.3;99.7;62.2;80.4;51.9;12.3
18.01.2017;5.0;98.5;82.8;9.7;36.4;82.9;45.2;34.0;53.3;22.9;95.5;90.7;16.8;26.2;66.4;99.7;61.4;80.1;54.1;12.2
19.01.2017;5.1;100.0;83.4;10.9;40.1;84.5;42.0;33.9;52.3;21.3;92.6;90.0;16.2;26.1;62.8;99.7;59.3;81.6;54.2;12.1
20.01.2017;5.8;99.4;86.9;11.5;40.4;82.9;42.1;33.4;53.0;20.7;90.4;90.0;15.7;24.4;60.1;99.7;56.6;77.9;53.2;11.8
23.01.2017;5.0;94.8;85.7;11.4;40.4;82.5;44.3;33.3;53.8;19.0;92.3;90.4;15.1;23.6;58.1;99.7;52.9;81.3;53.1;11.6
24.01.2017;7.0;86.6;84.4;12.3;45.3;80.8;45.1;34.3;52.6;20.9;90.2;90.5;15.2;24.3;59.1;99.7;54.7;90.6;53.2;10.7
25.01.2017;10.4;79.6;87.0;13.4;49.9;79.5;43.3;36.1;53.0;24.2;89.4;91.8;15.6;25.0;58.6;99.7;58.5;93.7;56.0;10.3
26.01.2017;13.1;78.8;95.2;14.4;58.9;82.5;44.0;37.5;53.3;27.2;90.8;94.2;18.8;27.6;58.9;99.7;65.1;93.1;58.0;11.6
27.01.2017;13.7;79.3;98.8;15.8;63.0;84.2;47.6;36.7;53.1;29.3;90.7;95.2;22.6;28.9;64.0;99.7;71.1;97.9;58.3;12.9
30.01.2017;12.0;77.7;96.9;15.9;60.1;82.4;49.5;36.5;52.7;28.9;90.2;93.6;23.1;29.3;64.0;99.7;69.1;100.0;60.4;12.3
31.01.2017;11.3;77.1;96.5;14.5;63.2;83.2;49.4;35.8;54.0;27.7;90.3;92.1;21.6;28.1;60.6;99.7;65.1;98.5;62.7;12.0
01.02.2017;11.7;76.1;96.1;14.4;65.1;83.8;49.9;35.6;52.5;26.9;90.1;90.9;21.1;28.7;59.6;99.7;66.4;96.1;63.8;12.9
02.02.2017;11.5;74.9;93.6;14.6;70.3;84.7;49.8;35.4;51.5;26.2;88.0;89.9;21.1;33.2;59.1;99.7;66.6;93.1;65.4;14.8
03.02.2017;11.6;75.3;95.9;14.8;65.2;86.8;48.9;34.1;50.3;26.4;89.0;91.2;21.0;34.3;58.9;99.7;60.3;91.5;66.1;14.8
06.02.2017;10.4;74.2;99.4;15.4;59.1;92.4;47.9;33.1;49.6;27.2;90.6;92.7;20.5;32.5;58.2;99.7;61.0;93.1;67.0;15.1
07.02.2017;10.6;72.6;100.0;15.7;57.9;100.0;45.7;32.2;46.3;26.7;88.6;91.8;20.3;32.7;57.4;99.7;62.4;94.3;64.3;16.4
08.02.2017;9.7;73.6;100.0;14.7;55.2;99.9;41.9;32.8;46.4;26.2;84.9;91.1;19.7;34.4;54.2;99.7;59.4;94.3;62.5;16.6
09.02.2017;9.0;71.4;98.6;14.1;53.7;97.1;39.9;32.1;48.4;24.1;82.9;90.4;18.5;33.2;49.6;99.7;54.8;90.9;64.8;18.4
10.02.2017;9.1;67.6;96.7;13.6;51.3;96.7;40.4;31.3;46.5;23.4;82.9;89.8;17.7;32.6;46.2;99.7;53.4;89.7;67.2;22.5
13.02.2017;8.6;66.9;91.7;13.6;49.2;97.6;40.0;29.8;45.6;25.1;86.2;89.5;17.6;32.1;45.5;99.7;55.7;86.1;67.1;27.7
14.02.2017;6.7;66.9;90.6;12.3;45.8;97.2;38.0;30.0;45.6;25.0;87.7;87.7;17.7;29.4;44.7;99.7;54.9;79.8;65.7;28.6
15.02.2017;5.4;70.1;90.5;11.1;50.2;95.4;33.8;31.9;44.9;24.6;86.3;83.0;16.3;29.6;43.5;99.7;51.9;77.0;63.3;24.5
16.02.2017;10.0;72.3;92.8;11.0;49.0;96.4;31.9;32.3;44.5;25.5;86.9;78.7;16.2;31.6;42.3;99.7;51.8;79.8;62.3;26.0
17.02.2017;13.7;71.4;90.6;10.9;48.7;96.1;30.9;34.0;45.3;26.4;86.8;76.1;16.1;29.8;40.7;99.7;49.0;79.8;62.7;26.7
20.02.2017;15.0;68.4;86.9;10.7;46.6;94.0;28.1;33.3;45.9;26.2;87.4;74.2;15.5;27.5;41.1;99.7;47.7;75.5;62.5;22.6
21.02.2017;13.6;64.8;85.9;11.8;45.6;90.4;27.9;32.8;45.6;27.7;87.5;75.5;15.4;26.5;40.9;99.7;49.7;75.5;61.0;20.9
22.02.2017;12.4;62.3;79.3;12.9;46.4;91.0;27.6;33.6;46.1;29.9;87.5;75.4;15.4;26.8;39.0;99.7;48.8;70.7;60.5;20.9
24.02.2017;10.5;52.2;75.1;12.9;42.3;87.6;24.9;32.0;45.2;30.1;85.2;71.5;14.8;25.0;37.4;99.7;42.1;64.0;58.7;19.7
27.02.2017;9.6;47.1;70.3;10.2;40.7;82.1;21.6;28.9;45.1;28.4;81.9;69.8;14.4;23.8;36.8;99.7;38.6;61.3;57.4;17.4
28.02.2017;7.5;45.1;62.9;6.8;37.9;70.3;18.4;21.8;41.9;25.5;76.6;66.9;13.1;20.3;33.8;99.7;35.6;56.2;56.3;16.3
01.03.2017;7.0;49.4;63.5;7.5;44.7;72.5;21.2;26.8;44.5;25.5;81.8;68.2;12.9;22.9;32.8;99.7;38.5;59.2;61.8;18.5
02.03.2017;9.3;46.9;66.7;10.4;46.2;74.2;22.8;28.5;44.6;24.9;82.2;71.6;12.9;23.1;31.2;99.7;39.5;63.1;65.5;20.1
03.03.2017;9.8;43.2;64.8;9.8;43.2;79.3;21.2;26.3;45.0;23.6;78.3;70.4;11.9;22.1;31.2;99.7;35.3;62.5;61.7;20.2
06.03.2017;9.7;43.0;64.2;8.3;41.8;85.0;20.5;28.1;46.0;25.3;78.7;71.0;12.1;22.4;34.6;99.7;34.4;64.0;59.7;21.6
07.03.2017;9.8;35.3;61.6;6.7;40.0;77.2;18.1;25.3;45.8;24.9;78.3;71.1;11.9;20.2;32.8;99.7;30.1;57.4;55.9;21.7
09.03.2017;10.2;28.6;59.0;5.1;35.1;64.8;14.4;16.0;44.3;21.8;75.7;68.8;9.5;15.8;27.7;99.7;29.2;48.9;50.7;17.3
10.03.2017;9.1;27.4;54.1;5.5;33.2;61.6;12.3;11.3;44.5;19.7;73.2;68.1;9.7;15.1;25.0;99.7;31.3;42.0;46.5;16.0
13.03.2017;9.8;29.1;49.0;4.9;36.7;64.0;12.0;11.6;45.0;19.6;72.7;66.9;11.0;16.6;25.1;99.7;31.8;39.6;47.3;17.0
14.03.2017;10.2;28.6;51.1;5.3;37.3;64.3;12.2;13.1;45.2;20.7;72.6;67.3;12.0;18.3;25.6;99.7;32.7;43.2;50.1;19.0
15.03.2017;9.0;35.5;51.1;5.0;36.8;63.2;11.8;12.7;45.6;20.9;72.1;68.3;12.5;19.0;23.6;99.7;32.6;41.7;48.8;19.2
16.03.2017;9.7;40.6;50.4;7.0;39.7;66.6;11.8;13.9;44.1;21.0;71.9;68.1;13.1;19.2;23.4;99.7;34.0;48.6;50.6;19.2
17.03.2017;10.4;43.4;53.8;8.8;43.4;69.7;11.4;16.8;43.9;22.2;73.1;66.7;13.2;19.5;24.4;99.7;35.7;59.5;53.0;21.7
20.03.2017;9.0;55.6;58.6;10.4;41.7;71.3;10.4;20.1;43.5;23.4;73.5;66.2;12.9;19.0;24.8;99.7;33.1;62.5;53.0;22.7
21.03.2017;7.2;61.0;63.5;11.6;41.6;70.8;11.9;21.0;42.1;24.0;72.4;66.3;12.7;18.7;25.1;99.7;33.6;62.8;52.8;23.3
22.03.2017;4.0;56.7;65.3;9.9;38.7;66.1;12.1;18.3;42.1;23.7;72.2;66.5;12.7;19.0;26.8;99.7;34.9;59.2;53.9;20.4
23.03.2017;4.2;58.0;65.6;11.4;39.7;66.0;13.5;20.9;40.6;24.0;71.8;67.0;12.6;20.3;28.9;99.7;35.0;66.2;56.8;20.8
24.03.2017;3.5;54.1;61.9;11.1;39.1;64.9;12.1;21.4;42.8;23.3;70.9;66.6;11.0;19.8;27.2;99.7;33.2;64.4;58.4;20.9
27.03.2017;2.2;51.8;58.4;9.6;35.9;62.5;9.7;16.8;44.4;21.7;70.1;64.7;9.5;17.6;24.3;99.7;32.2;63.4;57.3;21.0
28.03.2017;2.3;54.5;60.2;9.4;35.7;62.9;10.1;15.6;44.2;22.5;73.0;63.9;10.5;17.1;24.6;99.7;33.7;61.9;57.3;24.9
29.03.2017;2.6;59.4;61.6;9.7;37.7;62.9;12.8;17.5;44.7;22.4;75.5;63.6;11.2;17.6;24.8;99.7;34.5;58.0;58.4;27.9
30.03.2017;1.4;61.6;61.0;9.3;40.6;64.0;15.9;18.1;44.5;20.7;77.0;63.1;10.3;17.1;24.6;99.7;33.1;57.4;59.1;29.3
31.03.2017;0.2;61.7;60.0;8.1;41.2;64.5;16.1;16.8;44.6;18.7;75.1;62.1;9.2;16.7;22.9;99.7;31.1;55.6;59.8;26.8
03.04.2017;0.0;57.7;60.2;7.7;40.6;64.6;16.6;16.1;44.1;17.4;74.0;62.2;9.9;17.0;22.4;99.7;34.2;55.0;59.6;26.4
04.04.2017;0.2;57.5;60.4;8.2;40.9;65.1;17.6;17.7;43.4;19.2;75.0;62.3;10.7;17.5;22.9;99.7;35.7;54.7;59.8;27.9
05.04.2017;2.2;61.5;64.4;10.4;41.5;67.0;20.6;19.8;43.6;21.9;75.9;62.8;11.3;19.3;26.1;99.7;38.1;55.9;62.3;26.3
06.04.2017;4.2;61.6;65.4;10.9;41.8;73.4;21.5;20.8;43.6;22.4;75.6;65.9;11.2;19.8;26.8;99.7;39.5;53.5;65.3;25.7
07.04.2017;2.2;56.0;65.8;9.4;41.0;77.9;20.3;21.0;43.0;22.3;74.6;65.2;10.0;18.4;24.6;99.7;37.5;48.6;63.5;23.7
10.04.2017;0.7;52.7;57.9;6.8;38.4;73.6;17.7;19.2;32.4;20.8;71.5;63.7;8.5;17.2;21.4;99.7;35.1;40.2;58.6;23.1
11.04.2017;0.2;51.4;49.3;4.8;37.9;72.7;17.7;17.9;42.4;18.7;70.5;63.7;8.6;17.4;20.0;99.7;31.3;42.9;56.6;25.4
12.04.2017;2.6;47.2;42.1;3.2;36.7;73.1;17.5;19.3;42.6;18.2;69.1;62.6;8.3;17.0;19.5;99.7;29.3;48.3;57.3;24.8
13.04.2017;3.8;42.0;34.9;1.3;35.3;71.2;15.3;18.2;42.8;16.7;68.6;61.6;7.3;15.2;17.7;99.7;26.2;46.5;56.6;23.2
14.04.2017;2.7;35.8;33.3;0.3;34.5;72.2;12.6;16.9;42.2;15.6;68.5;60.5;6.2;14.0;15.3;99.7;25.6;43.2;56.1;23.2
17.04.2017;6.0;37.2;32.9;0.9;34.7;73.7;13.2;17.2;42.9;13.9;66.5;61.1;5.5;14.3;14.8;99.7;24.6;44.1;54.7;22.8
18.04.2017;8.6;42.5;33.1;2.3;35.0;75.2;14.1;17.6;42.1;14.6;63.9;61.5;5.2;13.3;14.8;99.7;24.7;45.9;55.9;22.5
19.04.2017;7.8;46.9;29.6;1.3;30.8;74.6;12.5;15.0;39.8;14.4;57.1;60.2;5.1;11.3;12.9;99.7;21.1;44.4;55.2;21.1
20.04.2017;6.8;46.2;27.1;2.5;30.9;74.7;11.1;12.4;42.8;14.0;55.5;56.9;4.9;11.3;11.9;99.7;20.6;45.0;55.2;19.7
21.04.2017;6.4;44.7;28.1;6.1;33.1;75.8;12.5;14.1;42.5;14.8;58.5;53.5;5.1;11.3;13.9;99.7;21.6;53.2;57.5;20.5
24.04.2017;6.6;46.1;31.7;8.7;36.5;76.7;13.6;15.2;43.6;15.3;57.8;52.2;6.5;11.9;19.2;99.7;23.0;59.8;60.7;21.5
25.04.2017;6.7;45.7;36.9;9.6;36.3;78.8;13.6;16.1;42.8;16.1;57.3;50.0;7.6;14.4;25.6;99.7;25.8;63.4;63.7;22.5
26.04.2017;11.0;43.9;45.6;10.6;40.4;79.4;15.3;17.4;42.4;17.8;59.4;50.8;8.4;15.6;29.5;99.7;25.5;65.0;67.0;24.9
27.04.2017;18.2;39.4;47.8;10.8;40.6;79.4;14.5;18.2;42.5;17.2;59.2;54.0;7.3;14.9;32.9;99.7;23.6;67.1;65.9;24.8
28.04.2017;23.6;37.2;46.0;11.7;40.9;83.9;13.1;19.0;42.8;16.1;59.8;55.6;5.3;14.6;37.2;99.7;22.8;71.6;65.9;25.6
02.05.2017;25.7;40.5;46.0;13.1;38.9;86.3;12.4;19.8;42.8;16.2;63.1;57.4;5.2;15.1;38.4;99.7;23.2;75.2;67.4;29.0
03.05.2017;23.3;41.1;49.8;13.2;36.8;86.5;10.8;18.7;42.0;15.6;63.3;57.4;3.9;13.8;37.2;99.7;23.3;69.8;68.5;28.6
04.05.2017;25.9;39.1;52.7;13.0;36.0;82.9;9.6;17.6;42.3;15.8;64.7;57.5;3.1;12.8;35.5;99.7;22.9;65.3;69.9;28.4
05.05.2017;26.1;35.6;50.2;12.7;35.5;82.5;8.9;16.2;44.0;15.8;65.9;58.9;3.2;13.1;33.1;99.7;21.8;60.7;72.0;28.5
10.05.2017;27.7;43.4;54.4;14.7;36.3;83.1;10.6;17.5;44.8;16.4;67.7;58.8;6.1;13.4;34.0;99.7;22.8;62.2;75.0;32.3
11.05.2017;28.2;44.4;56.0;14.7;34.5;83.2;10.9;16.8;46.2;15.1;65.6;57.0;5.7;11.3;30.9;99.7;20.9;61.3;75.0;35.4
12.05.2017;27.0;41.2;51.0;13.3;35.3;82.0;8.9;15.5;45.7;13.7;65.7;56.1;4.7;9.5;29.2;99.7;17.6;60.1;73.2;36.5
15.05.2017;30.0;39.8;47.8;14.9;35.3;81.0;10.0;15.4;46.5;13.8;64.2;55.1;5.7;9.6;29.5;99.7;14.2;57.4;71.4;37.4
16.05.2017;29.7;34.9;45.4;16.3;34.4;79.8;10.3;15.6;45.2;14.0;62.0;54.8;6.1;9.6;28.9;99.7;13.2;50.8;70.9;35.9
17.05.2017;30.1;37.2;46.5;16.2;34.8;81.0;9.7;15.7;45.2;13.8;65.7;55.6;5.8;8.7;28.9;99.7;15.1;48.0;72.4;34.3
18.05.2017;26.9;40.1;45.6;14.9;33.7;77.9;8.0;13.8;46.1;14.4;67.2;56.3;5.3;8.3;25.0;99.7;13.8;48.6;74.2;32.5
19.05.2017;28.7;36.0;39.8;15.3;33.2;78.2;7.4;12.9;46.9;14.1;68.0;55.0;5.6;8.6;19.0;99.7;12.6;49.2;75.7;32.4
22.05.2017;29.7;34.5;34.0;16.6;32.1;76.3;7.7;11.6;46.1;13.9;68.7;55.4;4.4;7.4;15.1;99.7;11.7;47.4;74.8;32.4
23.05.2017;29.7;38.0;37.2;16.9;32.8;74.6;8.7;10.9;45.7;13.7;69.7;55.9;4.0;7.5;14.3;99.7;13.7;50.5;77.5;31.9
24.05.2017;29.7;38.1;41.6;17.2;33.1;74.6;8.8;11.9;44.4;14.5;69.9;55.1;3.8;8.2;13.6;99.7;17.4;53.8;79.3;31.2
25.05.2017;28.8;35.3;50.9;16.9;32.8;78.0;7.5;11.9;44.1;14.3;70.9;53.1;3.8;7.7;12.4;99.7;18.6;50.8;79.7;31.4
26.05.2017;27.0;31.6;61.6;15.4;33.7;77.8;6.2;11.2;44.5;12.2;70.9;52.7;3.2;6.2;12.1;99.7;17.7;46.5;78.5;31.4
29.05.2017;26.6;29.3;72.8;15.4;32.8;77.0;6.9;10.7;44.6;9.7;70.2;51.4;3.3;5.7;14.3;99.7;16.8;47.7;74.9;31.6
30.05.2017;25.6;31.6;78.8;15.0;33.4;76.9;7.5;9.9;44.3;9.3;70.3;51.6;3.7;4.4;13.4;99.7;17.6;48.6;76.2;30.6
31.05.2017;23.3;40.2;76.2;12.6;33.5;91.4;5.9;10.8;44.2;8.4;69.3;51.2;2.9;2.6;11.4;99.7;15.6;44.7;75.5;29.7
01.06.2017;21.5;44.1;47.0;10.9;33.1;74.1;5.2;9.1;43.8;6.4;68.6;50.9;1.2;0.9;7.8;99.7;13.4;43.2;74.6;29.3
02.06.2017;20.6;46.4;30.4;11.4;32.2;69.3;4.5;6.1;43.6;3.8;67.7;49.9;0.9;0.0;6.6;99.7;11.3;42.0;74.7;29.0
05.06.2017;21.5;51.5;30.9;11.8;32.9;71.2;5.8;6.2;43.0;2.9;66.6;51.3;1.6;1.1;8.5;99.7;11.0;44.1;74.4;30.3
06.06.2017;23.6;52.2;30.5;10.2;33.6;69.2;6.0;5.4;44.9;3.2;65.8;50.7;1.2;1.4;8.1;99.7;8.9;42.6;75.5;30.4
07.06.2017;23.2;49.9;28.6;9.8;34.2;68.1;7.2;4.6;45.3;3.9;65.6;50.5;1.1;1.4;8.7;99.7;9.1;39.9;75.7;30.4
08.06.2017;22.7;48.3;24.4;9.1;34.1;67.1;7.2;2.9;45.1;4.1;65.6;49.1;1.1;2.1;7.8;99.7;11.5;37.5;76.5;29.0
09.06.2017;23.4;45.4;22.9;8.4;33.0;66.7;6.9;2.4;45.4;5.7;65.2;46.7;2.0;3.8;9.0;99.7;13.3;37.2;77.8;28.5
13.06.2017;19.3;49.4;20.7;4.5;32.8;67.1;8.2;3.4;43.6;4.6;66.2;47.4;2.4;4.0;8.0;99.7;10.9;33.5;76.9;27.9
14.06.2017;19.9;50.4;15.1;3.1;32.5;66.7;8.3;2.6;44.8;4.0;66.2;51.1;1.9;4.3;3.9;99.7;6.4;26.0;75.2;27.6
15.06.2017;18.5;43.6;7.2;0.0;29.4;63.2;4.5;0.0;39.8;3.6;63.0;50.9;0.0;3.2;0.0;99.7;3.3;18.7;71.6;25.3
16.06.2017;19.5;41.2;6.6;0.3;30.9;63.9;6.5;0.6;38.9;3.5;63.7;50.9;0.6;4.5;2.4;99.7;7.0;25.1;67.1;23.6
19.06.2017;21.3;40.1;6.3;1.3;33.4;64.5;8.5;0.7;32.1;4.3;46.9;53.9;1.7;6.1;3.6;99.7;0.0;27.8;66.2;23.8
20.06.2017;25.3;38.4;13.2;2.8;36.0;67.1;10.3;1.7;32.4;4.9;44.0;56.2;2.8;7.3;5.3;99.7;3.8;28.1;69.6;24.0
21.06.2017;26.6;37.4;17.4;3.4;36.0;70.4;12.6;1.5;34.1;3.5;44.1;54.7;1.7;7.1;5.4;99.7;6.2;26.0;73.2;24.4
22.06.2017;29.7;34.6;16.4;3.2;36.7;71.7;12.2;2.5;32.9;3.7;46.0;54.1;1.5;1.2;6.8;99.7;8.7;26.0;78.2;24.3
23.06.2017;29.4;34.6;16.8;2.6;36.7;72.7;13.5;4.4;34.3;5.0;46.6;54.0;2.4;2.3;8.1;99.7;9.3;30.5;78.5;26.3
26.06.2017;30.3;36.0;13.7;2.3;36.0;76.5;14.0;5.4;33.3;4.7;48.3;50.8;2.9;3.6;7.8;99.7;11.2;33.2;75.8;28.0
27.06.2017;28.6;35.6;14.4;1.8;35.7;78.2;15.0;5.3;32.8;5.7;49.9;50.6;2.9;3.8;7.5;99.7;16.1;34.1;74.5;27.8
28.06.2017;28.4;35.2;19.4;2.6;36.1;80.1;17.6;6.9;35.0;6.4;50.0;51.5;4.3;5.2;7.8;99.7;21.3;38.4;75.7;28.4
29.06.2017;29.7;35.3;21.0;3.2;36.9;81.9;19.8;7.4;29.1;7.8;49.6;51.1;5.9;5.7;9.0;99.7;23.0;41.7;77.5;28.4
30.06.2017;26.0;33.7;18.4;2.8;40.1;82.4;16.6;7.0;22.7;8.3;49.8;50.8;6.0;5.1;7.6;99.7;21.6;39.9;78.9;28.4
03.07.2017;25.2;22.8;21.0;7.3;40.9;81.7;16.8;7.4;24.1;9.4;49.7;51.1;6.5;5.5;8.3;99.7;24.3;42.0;81.3;29.2
04.07.2017;25.5;22.6;25.3;8.3;40.3;81.9;18.4;9.0;19.7;10.5;51.5;52.1;7.4;6.0;11.7;99.7;27.4;45.6;82.5;30.8
05.07.2017;25.8;22.3;28.2;10.4;43.5;82.1;17.9;10.6;18.9;9.9;53.0;53.6;7.8;6.4;14.3;99.7;30.1;48.0;85.0;30.9
06.07.2017;26.1;22.9;29.1;10.8;45.1;81.9;16.2;10.8;19.5;9.0;54.4;53.6;8.7;7.7;13.8;99.7;30.3;50.8;91.3;30.9
07.07.2017;26.8;20.8;27.8;10.6;44.6;82.0;13.6;10.4;21.3;7.7;57.8;52.9;5.5;7.6;13.4;99.7;28.5;54.7;94.4;30.6
10.07.2017;27.7;19.7;24.6;12.5;43.8;85.0;13.0;12.2;23.0;7.2;60.6;53.8;5.4;9.6;15.8;99.7;28.7;59.5;96.2;33.1
11.07.2017;29.0;20.4;24.3;13.7;43.6;90.1;13.5;14.0;24.7;7.2;58.8;55.2;5.4;11.2;17.0;99.7;30.6;59.5;97.1;35.1
12.07.2017;31.3;22.1;28.1;16.6;43.7;93.5;14.2;15.1;25.3;7.6;57.8;56.1;6.5;11.6;17.5;99.7;36.2;61.9;100.0;34.9
13.07.2017;45.5;24.3;31.1;18.8;45.2;93.6;13.2;15.8;25.4;6.8;59.9;55.8;7.0;10.8;18.2;99.7;37.0;57.1;93.0;36.2
14.07.2017;51.2;24.3;31.0;19.4;47.3;91.9;12.6;14.9;20.3;5.6;58.9;55.3;7.2;9.7;18.7;99.7;35.8;66.8;93.1;37.0
17.07.2017;50.4;23.9;30.2;18.9;52.6;91.5;11.9;15.5;20.1;5.1;59.0;57.0;6.7;10.8;18.0;99.7;35.9;69.2;91.3;26.2
18.07.2017;50.6;26.7;25.4;18.3;51.8;65.3;11.4;16.7;20.1;4.3;62.7;58.4;5.4;11.4;17.8;99.7;36.2;68.6;90.4;26.8
19.07.2017;49.9;27.5;28.5;18.2;51.8;59.9;11.8;17.3;19.9;4.1;55.7;57.1;5.5;12.2;8.0;99.7;38.9;47.1;93.2;28.0
20.07.2017;48.0;26.7;29.9;19.3;51.0;55.3;13.1;17.9;18.7;5.0;47.9;57.4;6.4;10.7;10.2;99.7;39.9;44.7;95.4;29.4
21.07.2017;48.8;28.5;27.4;18.8;48.0;46.9;12.0;17.1;17.7;4.4;43.9;54.9;5.4;8.6;8.5;99.7;35.0;38.1;92.8;28.6
24.07.2017;52.0;27.4;28.7;18.2;47.8;41.2;11.2;16.2;18.9;4.1;43.0;53.3;4.4;10.0;7.3;99.7;34.5;35.6;88.3;28.7
25.07.2017;53.6;24.6;28.2;18.6;48.6;40.9;10.7;16.0;18.9;3.8;40.4;51.1;4.3;12.3;7.1;99.7;36.5;33.5;87.3;29.5
26.07.2017;53.0;23.9;26.3;19.2;50.2;47.0;10.5;17.8;18.5;3.2;40.7;51.3;4.7;12.7;7.1;99.7;37.6;34.1;88.8;29.9
27.07.2017;52.8;24.9;25.4;20.8;52.3;53.5;9.3;20.0;17.9;3.3;37.7;52.0;4.8;14.2;7.1;99.7;37.5;36.9;90.7;30.3
28.07.2017;44.3;24.0;22.4;20.3;51.9;50.8;7.7;19.6;17.4;2.3;32.8;53.0;3.8;15.0;4.6;99.7;34.7;31.4;87.7;29.3
31.07.2017;41.5;23.5;25.4;20.4;52.6;47.4;8.5;19.7;17.5;1.8;29.6;54.4;3.4;16.0;3.4;99.7;34.5;29.0;85.6;28.8
01.08.2017;41.3;26.4;33.3;20.4;54.7;45.7;11.3;20.1;18.7;2.9;30.5;55.1;4.8;17.7;5.3;99.7;36.9;32.3;87.0;29.4
02.08.2017;39.8;24.9;39.9;21.5;58.2;46.3;13.0;20.6;20.0;3.8;31.5;55.2;6.7;19.0;6.8;99.7;38.7;33.5;88.3;30.1
03.08.2017;39.2;23.2;39.6;22.5;66.2;44.7;13.4;21.1;19.6;4.3;34.5;55.4;7.7;19.4;8.3;99.7;39.7;32.6;87.3;31.6
04.08.2017;41.4;21.5;36.4;22.3;66.8;44.3;12.4;20.7;20.3;3.0;35.3;54.6;6.8;18.8;8.1;99.7;37.9;28.1;87.0;33.5
07.08.2017;43.8;24.0;34.1;23.2;70.8;46.6;12.0;21.5;21.0;2.9;37.5;54.7;7.1;20.4;8.5;99.7;40.3;24.8;88.0;35.2
08.08.2017;44.3;18.3;36.8;25.1;79.9;46.4;11.5;23.0;21.0;4.2;40.1;54.3;8.0;20.8;8.7;99.7;42.1;25.7;89.7;36.2
09.08.2017;46.6;5.9;35.8;25.8;84.1;46.0;9.9;23.9;22.8;3.7;41.6;53.8;8.1;21.4;7.5;99.7;41.7;26.9;91.0;37.1
10.08.2017;46.8;3.8;34.6;24.8;81.6;45.7;8.0;25.0;29.4;3.6;40.4;53.2;7.4;20.8;6.8;99.7;40.6;25.7;90.0;37.4
11.08.2017;41.2;3.8;28.6;24.0;76.5;45.6;6.1;23.9;37.2;3.1;39.8;52.4;6.0;17.9;4.6;99.7;36.7;20.5;86.7;35.4
14.08.2017;41.5;7.4;25.1;25.2;76.9;47.3;6.8;25.1;39.5;2.6;42.2;53.5;6.2;18.3;4.9;99.7;36.2;19.9;87.1;41.1
15.08.2017;44.1;7.5;25.6;24.6;74.6;46.8;6.5;25.1;38.6;1.4;43.3;53.0;5.7;17.3;4.6;99.7;36.8;20.5;88.2;52.8
16.08.2017;46.0;6.0;25.9;25.2;78.1;46.1;6.2;25.8;38.1;1.1;43.6;53.5;5.6;14.4;4.8;99.7;37.9;18.7;90.0;57.5
17.08.2017;47.6;2.8;26.2;24.7;83.4;45.3;5.8;25.2;39.5;0.3;42.8;54.5;5.0;14.1;3.4;99.7;38.9;18.4;91.7;54.7
18.08.2017;44.5;0.0;25.9;23.0;81.1;46.2;4.7;24.6;39.9;0.0;47.7;53.8;4.4;14.9;2.2;99.7;39.1;18.7;92.1;54.2
21.08.2017;42.4;1.5;25.5;23.6;82.9;48.2;4.8;25.1;38.7;1.0;47.9;53.0;4.9;17.2;2.5;99.7;40.6;15.7;93.8;56.1
22.08.2017;41.8;1.4;26.5;25.0;81.4;52.2;5.2;26.6;38.6;2.4;47.3;53.2;5.8;18.5;2.7;99.7;42.4;11.2;94.1;55.9
23.08.2017;42.1;3.4;28.4;25.8;83.0;59.8;5.1;28.3;38.8;2.2;45.8;52.0;6.1;19.0;2.2;99.7;42.7;10.3;92.7;57.1
24.08.2017;42.5;5.2;30.0;28.4;84.2;61.1;5.4;29.4;39.5;1.4;47.1;51.4;6.3;20.1;2.9;99.7;41.9;11.2;89.7;61.3
25.08.2017;42.5;12.8;29.4;30.8;84.5;62.1;5.2;31.9;38.8;1.4;50.5;51.6;7.1;19.0;4.8;99.7;44.8;13.0;87.8;63.3
28.08.2017;40.3;17.0;27.9;31.9;78.6;62.3;4.8;30.8;38.7;0.9;53.4;51.6;7.0;20.7;6.3;99.7;45.6;18.4;87.1;62.2
29.08.2017;39.4;15.8;25.9;31.8;77.3;60.1;4.6;29.5;44.3;0.0;51.9;52.1;6.5;23.0;5.9;99.7;44.6;22.7;86.3;60.6
30.08.2017;39.7;14.7;27.4;33.8;81.9;58.6;6.3;30.9;50.6;0.6;46.2;53.2;6.6;25.1;6.1;99.7;48.2;26.3;82.5;55.9
31.08.2017;40.8;16.8;30.3;36.9;83.3;58.1;7.2;31.2;51.5;1.3;42.3;54.1;7.2;27.0;6.1;99.7;52.4;24.2;79.9;57.2
01.09.2017;44.4;15.6;34.6;38.7;84.3;57.9;6.6;31.6;51.3;0.8;42.4;54.9;7.6;29.6;5.4;99.7;52.6;18.4;77.2;56.5
04.09.2017;46.8;12.6;36.5;38.1;83.3;58.4;5.8;30.7;56.9;0.5;41.4;55.1;6.6;28.9;4.4;99.7;51.0;12.1;76.8;55.5
05.09.2017;48.8;9.5;37.4;39.0;82.6;59.5;5.8;31.5;57.1;1.1;41.4;57.6;6.4;28.2;3.9;99.7;51.1;10.9;81.9;54.7
06.09.2017;49.0;6.3;38.7;38.7;83.9;58.4;5.3;31.6;55.7;0.7;44.8;58.3;6.5;28.8;3.6;99.7;51.0;13.3;83.6;55.5
07.09.2017;47.2;5.4;37.7;40.3;84.1;59.7;6.7;31.7;55.6;1.3;47.7;60.4;6.5;28.9;5.9;99.7;53.0;14.8;82.7;56.5
08.09.2017;50.2;4.9;38.3;41.6;83.9;59.9;9.6;30.5;58.1;1.7;47.1;60.4;6.8;27.8;8.1;99.7;51.4;14.8;81.1;56.4
11.09.2017;49.5;5.4;42.9;42.7;85.9;60.5;11.5;31.1;60.1;1.7;46.5;58.8;7.3;27.8;10.7;99.7;51.8;17.8;81.0;54.0
12.09.2017;52.6;5.9;45.3;41.7;89.4;59.9;10.7;31.3;58.7;1.4;46.5;59.1;7.8;28.8;11.5;99.7;53.8;19.3;81.7;53.7
13.09.2017;52.4;10.6;45.8;40.5;93.7;59.3;11.7;32.5;57.2;1.8;47.0;58.8;8.2;28.8;14.4;99.7;54.6;20.8;81.6;53.7
14.09.2017;50.0;15.5;43.4;39.6;92.7;58.1;12.1;33.7;55.8;1.7;47.9;56.3;8.3;26.1;15.3;99.7;53.9;22.7;80.4;53.6
15.09.2017;51.3;25.0;44.6;40.0;87.3;58.4;13.3;32.8;55.9;2.0;48.6;56.2;8.8;25.4;13.6;99.7;54.1;21.5;79.9;54.0
18.09.2017;52.1;27.9;46.8;40.3;89.7;60.1;12.9;33.7;54.7;3.4;47.9;56.6;10.0;26.2;13.9;99.7;54.6;22.1;79.9;55.1
19.09.2017;50.5;22.5;49.8;38.9;89.7;58.7;11.4;32.7;54.7;5.0;47.8;57.2;10.6;26.1;12.9;99.7;51.8;21.1;78.4;55.1
20.09.2017;50.9;20.9;52.3;38.3;98.8;55.8;10.7;30.5;54.7;6.3;47.3;56.3;9.8;26.9;12.7;99.7;51.0;18.7;75.0;53.9
21.09.2017;51.0;21.8;55.3;38.9;100.0;54.8;11.9;29.1;52.6;8.1;48.7;55.4;9.6;27.4;13.2;99.7;51.3;18.4;74.1;53.5
22.09.2017;52.6;20.1;53.8;38.5;97.7;52.2;11.9;28.2;46.2;8.7;49.5;55.1;8.9;26.3;12.7;99.7;47.6;19.0;72.5;53.2
25.09.2017;51.6;20.1;55.7;38.6;92.6;51.3;13.0;28.6;44.1;8.8;48.4;55.1;9.9;26.6;13.8;99.7;44.4;23.6;71.1;52.9
26.09.2017;49.2;19.6;58.5;39.5;91.0;52.0;15.3;28.8;42.8;10.3;48.6;56.0;10.8;27.4;14.9;99.7;46.1;28.1;72.5;53.4
27.09.2017;49.7;19.6;59.6;38.6;90.5;51.1;15.3;28.6;43.3;10.5;47.5;55.2;11.0;27.1;14.8;99.7;45.7;29.3;72.1;53.4
28.09.2017;50.4;20.1;62.5;37.7;89.9;50.8;15.0;28.3;45.2;10.7;47.0;55.2;11.7;27.0;14.3;99.7;44.7;26.9;71.7;54.1
29.09.2017;50.1;20.9;62.1;36.9;91.9;50.0;13.8;27.8;45.6;10.6;47.2;54.3;11.5;29.2;13.2;99.7;44.0;24.8;70.4;54.5
02.10.2017;53.0;22.5;62.3;37.5;92.3;48.8;12.3;27.9;47.3;10.9;46.2;54.5;11.2;32.7;12.7;99.7;46.0;24.5;71.8;54.5
03.10.2017;55.6;21.9;61.0;38.4;97.0;50.2;11.7;27.8;49.2;10.7;44.1;54.3;11.1;35.5;11.5;99.7;49.0;23.9;72.8;54.2
04.10.2017;57.2;21.4;59.2;38.9;98.5;50.2;12.2;27.5;49.8;11.5;41.8;53.1;11.0;35.8;11.0;99.7;48.8;24.5;72.4;53.8
05.10.2017;55.6;21.6;60.1;39.5;96.5;50.9;12.9;27.4;50.7;12.8;41.6;51.1;11.1;36.3;13.9;99.7;47.9;21.5;70.7;53.6
06.10.2017;54.4;21.4;62.6;40.8;98.7;51.5;13.6;27.9;50.2;13.8;41.9;50.6;11.5;37.4;15.6;99.7;48.2;20.5;69.4;54.5
09.10.2017;53.6;23.5;62.5;40.3;97.0;51.8;13.0;29.6;51.0;12.3;43.5;51.3;11.4;38.0;16.5;99.7;49.3;23.6;69.4;55.6
10.10.2017;50.6;25.6;62.2;39.5;90.4;51.5;13.0;30.9;52.3;11.7;45.3;51.3;10.8;37.2;17.3;99.7;50.6;24.5;70.0;56.3
11.10.2017;48.8;27.4;65.0;39.4;85.1;51.7;13.6;30.2;52.3;13.1;49.0;51.3;11.0;36.0;18.2;99.7;52.8;22.1;70.5;58.1
12.10.2017;49.2;29.1;66.5;39.8;85.8;50.9;13.5;30.6;53.4;13.4;52.4;51.6;10.7;35.3;19.7;99.7;53.1;22.4;69.9;61.9
13.10.2017;49.6;30.7;66.0;39.9;84.6;45.0;13.4;31.0;54.6;12.4;52.8;51.3;10.5;37.1;20.4;99.7;51.8;23.0;68.8;64.1
16.10.2017;48.3;33.4;65.2;41.9;83.0;49.7;14.6;32.1;54.7;12.0;51.8;51.2;10.3;41.9;21.6;99.7;52.6;22.4;69.2;69.5
17.10.2017;47.4;37.0;63.9;42.7;82.3;47.9;16.4;32.6;55.2;11.0;52.1;50.2;9.9;43.0;19.7;99.7;51.9;19.3;69.4;70.6
18.10.2017;47.9;42.3;63.5;42.1;80.2;43.8;16.7;33.5;59.4;10.8;51.2;50.9;9.9;42.5;19.7;99.7;51.8;17.5;69.5;67.5
19.10.2017;48.4;42.6;61.6;40.7;73.7;43.1;15.2;33.8;60.3;10.8;49.6;54.3;9.6;42.0;19.9;99.7;50.1;15.4;69.3;69.4
20.10.2017;45.9;42.9;61.7;40.4;77.3;43.5;14.1;33.2;60.5;10.8;50.1;55.7;9.5;42.1;20.0;99.7;50.8;13.3;69.4;68.6
23.10.2017;44.5;44.0;62.6;40.7;78.6;44.4;13.3;34.1;59.7;11.1;49.6;55.2;9.6;42.4;21.1;99.7;53.2;14.2;71.5;69.7
24.10.2017;48.1;41.9;60.3;40.2;76.6;45.3;12.1;34.4;59.5;10.8;48.2;56.3;9.9;41.8;20.2;99.7;55.3;12.7;71.9;71.4
25.10.2017;50.6;42.3;58.0;40.2;76.9;43.4;11.5;33.6;56.9;9.5;48.9;57.0;10.3;40.0;18.8;99.7;55.1;8.5;71.8;71.6
26.10.2017;51.0;42.9;55.9;39.6;77.3;37.7;10.0;33.4;53.7;8.7;48.1;56.9;9.8;38.5;17.3;99.7;52.7;4.2;70.6;69.5
27.10.2017;54.3;43.4;57.6;40.3;77.8;36.0;12.1;36.6;55.8;9.0;49.8;57.5;10.8;39.2;17.8;99.7;52.5;3.6;70.4;68.6
30.10.2017;53.0;44.4;66.4;40.7;71.4;38.5;14.3;37.6;57.0;9.2;50.3;58.1;11.7;40.3;19.7;99.7;51.8;2.7;71.0;68.7
31.10.2017;54.8;42.6;62.5;39.7;71.3;40.1;13.7;36.0;60.4;9.2;49.7;58.5;12.4;42.0;19.5;99.7;51.4;3.6;70.3;70.1
01.11.2017;59.1;41.5;63.1;39.5;74.2;37.5;14.3;35.1;62.6;9.7;48.9;57.0;13.6;45.6;20.2;99.7;52.9;9.4;62.2;69.9
02.11.2017;57.1;40.1;62.1;39.8;77.0;35.3;13.7;34.2;62.8;9.4;49.4;55.3;14.0;49.9;18.8;99.7;52.5;11.2;56.1;74.4
03.11.2017;57.3;41.1;59.6;40.7;82.9;32.8;13.3;33.8;62.5;9.5;48.8;55.9;14.9;54.7;19.5;99.7;52.3;9.4;55.6;79.9
07.11.2017;57.8;45.3;65.9;45.7;84.5;33.1;16.6;35.3;65.1;11.3;50.9;56.7;18.2;56.4;25.8;99.7;52.6;8.8;52.9;81.0
08.11.2017;56.2;54.9;72.3;52.7;84.3;35.6;18.5;35.3;64.5;12.8;52.0;57.0;20.0;53.9;30.6;99.7;54.8;9.1;53.2;86.7
09.11.2017;54.2;60.3;75.0;60.6;82.2;37.3;20.0;34.8;66.8;13.0;51.3;56.9;20.2;52.6;29.5;99.7;48.7;6.9;56.9;90.0
10.11.2017;50.9;59.6;71.2;67.9;83.2;35.5;19.3;33.3;68.9;12.6;50.4;56.3;20.3;53.7;29.7;99.7;47.9;3.3;56.6;89.4
13.11.2017;49.4;60.6;68.7;65.0;85.3;34.7;17.1;32.8;71.0;13.2;50.1;55.5;20.4;53.7;31.4;99.7;50.3;2.4;54.6;93.9
14.11.2017;51.8;60.9;69.1;64.6;85.9;33.4;13.0;33.5;79.0;12.8;48.5;54.5;19.7;51.3;31.7;99.7;51.6;4.5;52.3;96.5
15.11.2017;51.1;59.4;65.4;65.9;86.8;29.3;8.0;32.9;79.3;11.6;48.0;52.9;19.1;46.4;29.4;99.7;51.6;2.7;51.2;97.9
16.11.2017;52.9;58.7;59.2;63.6;87.5;25.8;5.8;31.4;73.7;10.5;47.8;51.4;19.5;46.5;27.0;99.7;50.4;0.0;54.0;99.5
17.11.2017;56.0;58.5;57.2;62.1;86.6;25.9;5.8;31.2;75.5;10.5;45.8;52.4;19.2;46.1;26.0;99.7;49.4;0.9;56.3;95.5
20.11.2017;59.2;58.5;59.5;61.6;82.7;27.9;5.3;30.9;77.5;10.7;44.6;53.6;18.5;42.6;25.8;99.7;50.3;4.2;56.5;94.0
21.11.2017;62.4;59.9;62.3;64.6;77.5;28.8;4.7;31.4;77.4;12.1;45.2;53.5;18.9;39.0;29.0;99.7;51.8;11.5;57.3;95.9
22.11.2017;60.8;59.8;60.1;67.9;77.3;28.6;5.0;33.8;73.1;12.5;45.5;52.9;20.2;41.6;31.2;99.7;52.6;13.9;56.7;98.0
23.11.2017;59.8;61.0;58.2;65.9;77.8;28.2;5.5;35.1;73.3;12.6;48.0;52.9;20.9;41.9;29.9;99.7;52.6;11.2;55.5;100.0
24.11.2017;62.3;61.5;60.4;65.3;76.3;27.6;5.8;35.0;73.1;12.8;48.9;53.2;21.7;42.6;30.9;99.7;53.9;13.3;53.5;98.9
27.11.2017;63.1;60.9;58.2;66.5;71.1;26.3;5.1;34.2;73.6;11.8;47.7;52.6;21.3;40.8;32.8;99.7;52.5;14.8;51.5;98.2
28.11.2017;61.3;60.6;56.1;66.4;69.3;24.7;4.6;33.8;74.8;12.2;47.4;51.9;20.2;36.8;33.3;99.7;51.3;14.5;50.5;98.0
29.11.2017;59.3;58.8;51.6;66.4;67.8;24.2;3.6;33.3;75.2;12.2;47.0;51.7;19.4;35.4;33.3;99.7;51.4;13.0;51.4;96.0
30.11.2017;55.1;54.6;42.1;63.0;64.7;25.0;1.0;32.2;72.3;10.4;45.3;49.3;18.8;32.2;31.2;99.7;53.6;10.9;48.4;95.4
01.12.2017;55.2;53.5;40.0;61.3;65.9;24.5;0.5;31.8;68.8;10.3;45.3;46.5;19.2;32.2;30.7;99.7;54.5;10.6;45.8;95.5
04.12.2017;54.4;53.2;39.2;60.8;65.3;23.0;0.1;30.7;66.9;11.2;45.4;45.3;20.6;34.5;31.7;99.7;46.8;7.9;42.2;93.6
05.12.2017;52.4;55.0;36.9;60.6;65.8;22.7;0.7;29.8;59.8;11.8;44.7;42.2;21.5;33.3;32.3;99.7;44.6;3.6;41.7;91.3
06.12.2017;53.2;54.6;40.4;61.2;66.2;24.8;0.8;31.6;60.7;12.5;42.3;41.4;21.7;33.5;32.4;99.7;45.0;4.2;41.9;88.4
07.12.2017;55.3;52.2;42.1;60.1;66.4;24.5;0.8;32.5;61.6;12.8;40.8;44.1;21.3;33.4;31.9;99.7;48.2;4.2;41.0;89.3
08.12.2017;57.5;47.1;41.2;60.4;67.4;24.3;1.3;32.0;59.3;12.7;39.3;43.8;21.4;33.7;31.4;99.7;48.6;3.6;41.2;91.0
11.12.2017;59.1;47.3;47.7;64.2;68.3;27.3;2.8;34.3;57.2;12.6;39.1;44.8;22.3;35.8;32.3;99.7;49.5;3.9;40.7;95.1
12.12.2017;58.2;50.6;55.1;68.9;68.6;29.4;4.5;34.9;55.5;14.7;37.4;46.9;23.6;41.0;34.6;99.7;50.4;4.2;39.1;97.2
13.12.2017;56.4;50.4;56.1;67.9;68.7;30.9;4.6;33.7;46.0;15.8;37.4;49.5;23.7;41.5;35.5;99.7;50.1;0.6;36.7;96.1
14.12.2017;55.1;52.4;57.9;66.4;74.8;34.0;3.7;34.0;44.0;15.4;35.9;50.9;23.4;41.0;35.8;99.7;50.8;1.8;37.2;97.1
15.12.2017;52.8;43.3;57.4;66.9;75.6;36.0;4.2;34.1;51.1;15.7;36.3;52.4;22.8;41.2;35.8;99.7;51.1;4.2;39.8;97.7
18.12.2017;52.3;48.0;55.1;66.3;78.0;37.4;4.0;33.8;55.5;15.7;38.1;51.2;22.1;41.8;34.5;99.7;50.4;3.9;40.1;88.9
19.12.2017;52.3;45.9;51.4;66.2;77.4;35.2;2.2;33.0;55.3;14.6;37.6;48.5;21.8;41.7;33.3;99.7;48.8;2.4;39.0;89.8
20.12.2017;51.6;44.0;47.1;65.9;75.9;29.6;1.4;31.8;52.9;12.7;37.1;47.9;21.7;41.3;31.9;99.7;47.5;2.4;37.5;87.1
21.12.2017;51.1;43.7;44.7;65.9;74.5;26.8;1.4;31.6;50.2;12.5;40.3;48.6;19.3;41.0;29.9;99.7;45.9;3.3;36.2;82.0
22.12.2017;48.6;41.9;46.4;65.0;76.9;26.4;1.8;30.8;44.6;13.7;48.1;48.2;20.0;41.0;30.2;99.7;45.5;3.6;36.7;82.3
25.12.2017;48.1;41.8;44.9;65.1;76.9;26.1;2.8;32.1;42.6;13.7;50.8;47.5;20.0;42.2;30.4;99.7;45.9;3.9;36.7;82.6
26.12.2017;48.3;39.2;40.2;64.8;77.9;25.4;3.2;31.9;41.6;12.5;50.8;47.4;19.0;41.5;28.7;99.7;45.3;4.2;36.7;80.6
27.12.2017;49.4;37.0;39.7;65.8;80.2;23.2;2.6;32.1;42.8;13.2;49.0;46.3;18.6;41.1;28.4;99.7;46.7;3.6;36.8;77.5
28.12.2017;50.7;37.7;42.3;65.7;83.4;27.1;0.9;32.3;42.8;13.3;48.6;45.7;18.7;42.1;27.3;99.7;48.8;3.9;36.4;77.0
29.12.2017;51.6;38.8;43.5;65.1;82.0;31.9;0.0;33.5;46.9;13.1;50.1;46.7;19.3;43.3;26.7;99.7;48.9;3.9;36.7;77.8
03.01.2018;55.3;41.1;43.1;68.6;89.9;32.6;2.2;36.0;49.2;15.1;51.1;48.6;21.3;48.4;28.9;99.7;50.0;5.1;37.3;81.0
04.01.2018;57.9;41.3;45.1;74.1;91.1;32.9;5.8;39.3;46.1;16.8;49.8;52.1;23.6;53.5;33.4;99.7;51.7;8.2;41.2;83.0
05.01.2018;56.7;41.2;46.0;77.0;91.0;32.6;8.7;42.7;46.1;17.0;50.1;53.3;25.9;55.3;37.0;99.7;54.0;9.7;43.8;85.4
09.01.2018;58.0;44.6;48.7;76.0;87.2;32.3;10.7;44.1;48.5;17.0;50.9;54.0;28.2;56.8;41.9;99.7;57.9;10.0;44.4;86.7
10.01.2018;57.8;44.0;49.1;73.2;86.7;32.8;11.9;43.3;46.8;15.4;51.0;52.8;29.0;56.2;46.2;99.7;61.0;9.4;44.8;85.2
11.01.2018;58.1;45.4;49.2;72.3;86.6;35.0;14.0;43.0;42.9;14.7;52.6;54.1;29.8;57.0;49.6;99.7;62.9;9.1;44.4;84.4
12.01.2018;57.2;43.9;51.4;73.3;86.0;36.0;15.2;43.8;40.3;14.4;57.6;53.5;34.0;56.1;49.4;99.7;65.4;7.6;42.9;83.3
15.01.2018;58.0;45.8;54.8;74.7;85.8;36.4;14.7;42.9;37.9;14.7;59.9;53.1;37.8;57.1;49.9;99.7;66.6;8.5;42.6;82.6
16.01.2018;59.6;44.0;56.7;75.1;83.4;36.3;12.7;42.0;45.1;15.5;58.9;55.6;35.8;54.7;49.9;99.7;63.5;8.5;40.4;82.2
17.01.2018;61.9;42.2;62.3;73.8;84.9;35.7;13.7;42.7;51.7;14.6;54.2;57.5;35.5;52.4;54.2;99.7;60.5;12.1;37.2;79.9
18.01.2018;66.7;45.1;70.6;76.2;86.1;37.5;17.8;46.3;52.4;15.7;52.1;58.4;36.0;54.7;59.3;99.7;60.5;19.9;36.0;80.5
19.01.2018;69.5;51.3;70.9;76.7;86.9;43.8;18.1;48.5;47.2;16.5;50.6;57.7;35.4;54.4;59.6;99.7;62.0;24.8;36.0;82.0
22.01.2018;69.1;58.0;70.4;76.2;87.5;49.7;17.8;49.5;46.3;17.3;51.9;59.4;35.6;54.0;59.6;99.7;65.4;29.9;37.0;82.7
23.01.2018;71.5;61.3;70.7;76.5;87.7;47.7;19.6;49.5;47.9;17.7;53.8;62.5;35.5;52.0;59.8;99.7;63.6;30.5;36.6;83.8
24.01.2018;72.3;59.1;70.9;76.6;85.8;45.2;22.2;49.7;50.5;18.2;53.6;65.4;35.3;50.2;57.9;99.7;58.6;26.9;36.3;83.0
25.01.2018;71.3;60.5;75.7;79.9;85.5;45.2;27.4;49.9;51.5;19.5;53.9;66.5;35.3;53.8;60.4;99.7;60.6;26.3;35.7;81.8
26.01.2018;73.3;58.0;75.1;81.1;85.7;42.3;27.6;47.0;50.5;19.9;55.6;64.8;34.5;53.2;56.9;99.7;62.5;26.6;34.2;80.6
29.01.2018;76.6;53.1;73.4;81.5;87.6;41.2;27.4;46.8;50.1;19.5;56.2;65.3;34.1;55.0;53.0;99.7;62.1;23.0;33.3;80.2
30.01.2018;73.2;44.1;73.7;83.2;85.9;40.7;24.9;46.9;50.8;19.0;56.3;65.6;32.5;53.6;50.3;99.7;59.1;22.4;33.8;81.0
31.01.2018;74.1;38.4;61.5;86.5;85.2;41.4;23.8;47.4;50.9;19.9;54.8;65.2;31.7;54.8;48.7;99.7;57.0;23.6;32.7;80.6
01.02.2018;76.2;39.8;57.4;87.6;89.1;42.3;25.7;48.3;50.3;21.7;53.1;65.7;32.4;56.4;50.9;99.7;58.5;24.8;33.6;81.1
02.02.2018;74.4;40.8;57.0;83.8;88.3;42.5;24.0;47.7;48.6;22.7;51.7;63.6;33.3;55.2;51.4;91.3;59.3;24.5;33.0;82.3
05.02.2018;72.3;39.9;57.9;80.6;90.2;40.5;21.1;45.2;49.0;21.1;52.4;61.3;33.0;54.1;49.6;89.1;56.3;24.8;34.1;80.0
06.02.2018;66.8;37.6;56.0;80.2;87.5;36.8;18.9;40.0;48.0;20.6;47.8;60.1;30.0;52.0;46.0;88.2;54.3;22.4;33.4;75.5
07.02.2018;71.1;40.8;58.2;83.1;87.5;36.4;20.2;41.3;44.9;22.9;51.3;63.1;31.5;52.3;46.7;91.5;57.2;27.2;34.9;76.8
08.02.2018;72.7;40.6;57.6;80.5;87.3;36.7;18.2;42.4;41.5;22.7;51.3;64.6;31.3;49.3;41.4;95.7;56.4;34.1;34.9;76.2
09.02.2018;67.6;40.5;51.5;75.9;84.7;36.0;15.5;41.5;41.0;20.5;48.9;62.7;29.3;48.1;35.3;91.1;52.9;35.3;35.7;73.5
12.02.2018;70.2;42.9;49.1;78.6;85.7;36.5;17.0;46.0;40.5;20.3;51.1;63.4;29.5;50.0;38.4;91.8;54.4;33.5;37.1;77.1
13.02.2018;70.9;49.7;49.6;80.9;84.9;36.5;16.1;48.5;41.3;20.0;51.0;63.7;30.9;51.9;41.4;95.7;58.4;37.8;37.3;80.5
14.02.2018;75.1;52.5;48.5;82.6;84.3;37.9;16.0;50.1;44.1;21.0;50.7;63.7;31.7;56.2;41.8;99.7;60.0;36.9;36.7;79.1
15.02.2018;83.6;53.4;47.7;86.0;84.2;37.4;17.0;52.9;38.0;23.1;50.7;62.8;32.3;59.2;41.1;98.0;61.4;35.3;35.6;78.1
16.02.2018;88.3;56.8;50.4;85.6;80.2;36.2;16.0;52.6;48.7;24.3;50.6;62.6;33.0;50.1;39.6;100.0;63.3;36.0;35.2;76.6
19.02.2018;92.2;58.9;50.9;84.5;76.2;36.3;15.7;52.8;46.5;22.8;51.9;63.2;32.3;46.2;39.7;95.6;63.2;36.9;35.5;75.2
20.02.2018;93.7;57.4;49.1;84.4;76.0;37.3;14.9;53.0;46.9;22.0;53.5;62.5;31.8;48.7;44.7;83.9;61.4;36.3;35.6;77.5
21.02.2018;96.6;54.5;53.3;89.9;77.5;38.5;16.7;55.0;48.6;22.5;54.3;53.8;33.4;50.5;47.4;78.2;60.5;37.8;36.1;79.5
22.02.2018;96.9;54.9;57.3;95.0;79.0;39.0;19.8;56.3;49.0;23.0;53.7;60.1;34.4;51.2;50.9;79.3;60.0;41.1;37.3;79.8
26.02.2018;93.6;60.2;61.9;99.7;76.7;36.4;23.6;57.4;48.9;23.6;54.6;59.7;35.8;57.3;56.7;84.0;61.7;43.2;38.5;80.3
27.02.2018;89.9;59.8;60.7;100.0;75.7;35.3;22.6;55.5;48.8;23.1;56.1;56.4;35.0;57.5;54.3;84.3;61.5;44.7;37.7;80.3
28.02.2018;89.1;60.6;54.7;96.7;76.5;34.0;19.0;55.6;51.6;20.8;57.1;57.5;34.1;51.8;50.4;83.3;57.9;41.1;37.3;79.4
01.03.2018;86.4;62.8;51.0;95.2;78.4;31.8;15.8;56.5;54.2;21.0;59.2;58.0;33.0;49.1;44.3;84.3;55.1;38.1;42.4;78.8
02.03.2018;83.5;68.3;48.9;93.9;75.6;29.8;13.7;57.7;59.8;21.8;61.2;58.4;32.2;49.5;41.8;83.4;52.0;37.5;46.8;77.8
05.03.2018;87.7;67.9;50.3;96.5;74.7;27.2;14.2;57.9;59.0;22.7;64.2;58.5;32.6;50.7;43.6;83.3;51.5;41.1;46.4;78.9
06.03.2018;91.0;66.3;52.7;97.0;73.1;26.4;13.9;58.3;57.5;23.2;67.0;57.6;32.5;49.0;46.2;80.0;51.7;44.7;45.1;79.7
07.03.2018;93.4;64.8;48.7;93.4;69.4;26.7;11.4;58.1;55.6;21.7;69.4;56.2;31.5;48.8;41.6;75.5;49.3;44.4;45.5;79.1
09.03.2018;99.0;69.0;49.7;94.0;64.7;27.5;10.8;58.7;57.7;22.3;71.5;55.4;32.6;48.5;41.8;75.7;48.1;48.0;48.8;79.3
12.03.2018;97.5;71.8;55.2;96.5;65.1;28.7;11.5;59.1;61.8;23.8;71.1;55.9;33.3;49.0;45.0;77.2;48.8;51.1;51.8;79.5
13.03.2018;95.2;72.9;58.8;95.7;65.3;29.4;10.5;59.4;65.6;23.3;67.8;56.0;33.1;48.6;46.2;74.9;47.6;51.7;53.5;79.2
14.03.2018;94.5;75.4;59.1;91.2;62.9;28.3;9.0;57.9;67.3;21.5;65.1;54.4;32.7;46.4;44.0;70.0;48.9;50.5;54.8;78.8
15.03.2018;96.2;74.4;58.8;85.7;62.4;27.2;9.6;56.2;64.7;21.8;61.3;52.8;33.1;44.8;41.1;71.4;49.3;51.1;53.7;77.4
16.03.2018;95.6;70.8;59.6;82.1;62.3;28.1;11.9;56.4;63.2;25.1;60.2;50.8;35.0;45.3;42.3;76.2;50.8;54.7;53.3;76.8
19.03.2018;95.1;72.5;58.9;83.0;63.7;27.8;13.3;58.7;59.9;25.2;58.0;48.1;35.5;46.2;44.3;74.7;50.5;59.2;53.8;78.1
20.03.2018;96.8;74.0;58.3;80.2;62.2;27.9;12.0;59.5;57.3;26.1;55.8;45.5;35.3;45.6;45.3;70.0;46.9;58.6;52.9;78.8
21.03.2018;99.2;76.4;58.0;85.9;61.6;28.9;12.7;60.5;53.8;26.5;57.9;46.3;36.6;46.1;47.2;70.7;45.9;60.4;53.6;78.7
22.03.2018;95.2;77.7;55.5;91.4;60.7;28.6;12.3;53.2;49.2;26.0;57.9;46.5;36.3;46.6;44.3;70.5;46.4;60.7;51.6;78.7
23.03.2018;92.2;76.3;53.5;89.2;56.0;26.5;10.8;45.3;45.2;24.7;55.9;44.6;36.0;45.9;43.8;64.9;45.3;58.3;50.1;77.7
26.03.2018;89.5;75.6;50.5;88.8;56.3;26.1;9.5;42.0;43.7;24.3;57.1;45.9;35.4;44.8;43.6;62.6;45.6;57.7;51.5;77.9
27.03.2018;90.3;77.2;48.9;87.9;60.0;26.3;8.9;40.1;41.9;24.6;58.4;47.6;36.0;43.5;43.6;61.9;44.6;55.9;49.8;77.1
28.03.2018;84.3;79.1;49.3;86.0;59.7;27.0;8.2;38.3;44.6;24.4;60.0;47.4;37.1;42.6;43.8;62.5;43.6;50.5;48.5;76.6
29.03.2018;84.7;80.2;51.3;85.9;62.2;27.4;10.5;38.6;47.7;23.9;62.0;48.6;39.0;43.2;46.3;71.1;44.2;49.8;48.7;77.9
30.03.2018;83.6;85.6;51.1;85.8;63.6;28.0;11.5;40.5;47.6;23.8;63.1;49.8;39.6;43.6;47.9;76.0;44.9;53.8;49.3;80.1
02.04.2018;82.3;89.9;51.0;85.7;62.3;29.4;10.1;40.8;46.0;23.3;60.8;50.1;39.4;44.7;46.2;75.3;45.3;52.0;49.8;80.1
03.04.2018;81.7;87.3;49.7;83.0;59.5;28.7;9.6;40.7;45.8;23.5;61.2;48.5;38.8;44.2;44.3;75.4;44.9;48.3;49.8;79.0
04.04.2018;79.9;87.3;49.1;84.4;58.5;29.3;12.0;40.5;47.6;24.9;62.6;47.5;38.3;43.8;44.0;76.1;44.5;47.1;49.8;78.6
05.04.2018;84.0;88.0;53.8;88.1;59.4;29.4;14.6;40.7;48.4;27.3;63.3;47.8;39.2;43.3;44.3;82.0;46.1;49.8;50.4;77.8
06.04.2018;85.4;85.2;55.3;89.0;48.4;34.9;13.7;39.2;44.3;27.8;64.2;47.7;38.7;42.6;44.7;85.0;47.9;49.8;50.8;78.1
09.04.2018;77.2;66.8;47.3;73.2;7.5;32.3;6.5;31.1;17.4;21.5;56.1;43.0;32.6;29.6;37.0;72.0;39.6;36.3;44.3;68.5
10.04.2018;71.1;58.9;53.6;62.0;13.7;29.4;6.3;28.9;1.1;21.7;51.1;40.5;33.4;25.5;39.6;71.5;45.7;27.5;40.7;65.9
11.04.2018;76.6;58.1;60.9;60.9;13.1;27.9;11.7;30.4;7.5;24.0;50.5;40.4;39.4;31.3;48.9;69.5;51.1;27.8;40.7;67.8
12.04.2018;77.9;57.4;62.7;61.9;12.8;27.3;16.6;30.8;4.7;24.4;50.5;43.0;41.0;33.5;52.1;69.8;51.3;32.6;42.4;67.9
13.04.2018;71.4;58.7;60.5;59.9;11.0;28.1;16.4;30.6;2.3;23.0;52.1;45.8;38.3;38.5;50.8;71.1;49.6;36.6;42.2;68.6
16.04.2018;64.3;54.2;57.6;52.3;0.0;26.0;13.1;28.2;0.0;20.6;49.8;44.8;36.9;34.7;45.5;69.6;48.5;35.6;40.6;65.8
17.04.2018;71.5;58.2;58.6;57.5;9.9;27.9;16.0;29.8;4.0;21.6;48.0;46.6;38.1;35.8;47.0;77.9;55.4;40.8;43.2;66.8
18.04.2018;70.0;60.2;61.4;61.4;11.5;30.7;18.8;33.5;9.5;23.1;49.4;48.5;39.7;39.0;49.6;84.0;59.8;45.3;45.8;69.7
19.04.2018;71.9;64.9;62.3;66.7;17.7;32.8;20.8;35.4;11.7;23.9;50.6;50.1;41.0;43.5;50.4;84.4;62.4;45.6;47.3;69.6
20.04.2018;68.7;65.5;60.9;65.0;16.9;33.0;21.6;35.0;12.0;23.4;51.6;50.9;40.2;41.7;50.1;78.7;63.2;42.6;45.1;62.3
23.04.2018;70.9;64.0;59.5;67.9;24.1;35.4;24.5;36.1;14.5;23.6;51.4;49.5;39.6;42.5;49.6;76.4;64.6;42.6;44.3;49.5
24.04.2018;70.8;64.5;58.9;72.3;39.1;35.7;28.8;37.8;18.7;24.3;52.1;48.1;40.6;44.9;50.9;73.1;66.0;43.2;43.4;47.6
25.04.2018;65.6;62.4;57.1;69.4;35.4;33.9;31.3;37.2;17.9;23.3;51.7;48.7;40.1;44.1;48.2;64.2;67.5;42.3;41.4;46.1
26.04.2018;65.8;65.2;61.7;68.9;38.8;33.8;36.5;39.4;20.2;25.4;52.2;50.1;42.9;45.3;50.4;53.1;71.6;43.5;41.3;45.4
27.04.2018;64.1;68.0;65.7;69.0;39.6;34.3;39.4;41.9;20.6;27.4;53.1;50.5;45.7;46.1;51.8;56.1;74.2;45.0;41.7;50.4
28.04.2018;63.2;65.6;63.3;69.4;44.6;34.0;40.4;42.5;20.0;27.9;53.3;49.9;46.0;45.9;50.6;58.8;72.2;46.2;41.2;54.5
30.04.2018;66.0;69.3;63.9;69.6;46.1;32.9;42.0;42.7;21.7;28.2;54.1;51.8;45.9;45.4;52.3;58.7;75.3;52.0;41.0;52.7
02.05.2018;73.0;69.1;62.2;70.4;45.6;31.8;48.4;42.3;18.8;27.0;52.3;54.3;45.2;46.2;51.8;59.6;76.2;44.4;42.1;51.7
03.05.2018;73.7;66.5;61.0;71.3;41.4;31.0;46.8;41.9;17.3;25.5;53.6;54.7;43.6;46.4;50.3;59.8;72.1;43.2;41.7;50.2
04.05.2018;70.5;65.5;61.3;70.6;37.7;30.1;44.6;41.8;19.0;26.5;54.2;55.0;43.4;46.3;49.4;60.7;70.0;44.7;39.5;50.7
07.05.2018;71.6;68.3;62.1;71.0;36.3;29.7;45.7;42.4;22.5;26.9;54.8;56.0;44.3;48.6;50.6;64.0;70.3;46.8;39.1;50.2
08.05.2018;72.0;67.6;61.7;68.8;32.9;29.0;45.4;42.9;19.9;25.7;54.6;56.0;44.5;48.0;50.9;65.0;70.5;46.8;38.3;50.8
10.05.2018;74.2;68.3;63.8;71.2;30.4;29.3;48.5;42.3;19.4;27.0;52.6;54.8;47.6;45.2;54.0;62.3;70.9;45.0;37.8;50.2
11.05.2018;76.1;68.7;63.8;74.2;30.3;29.0;48.8;42.6;18.1;28.4;52.3;52.8;49.8;43.3;58.1;59.0;70.3;42.9;36.7;49.1
14.05.2018;75.5;64.8;65.9;75.7;28.0;29.2;50.6;43.5;16.2;28.7;52.5;52.8;51.8;43.2;61.0;62.6;72.1;41.7;34.3;50.2
15.05.2018;72.3;64.4;67.8;74.5;27.2;28.8;48.7;43.5;13.0;29.0;52.0;51.6;52.0;44.3;59.6;71.8;72.2;42.3;35.2;47.9
16.05.2018;70.3;65.2;65.9;73.3;24.8;28.7;46.6;44.3;10.3;28.7;51.7;51.9;52.2;45.1;58.6;71.8;71.9;48.9;35.8;44.1
17.05.2018;70.3;66.3;66.5;73.0;23.0;31.4;43.8;42.8;8.9;28.6;51.6;52.6;52.1;44.1;57.2;72.4;72.8;55.9;35.8;44.6
18.05.2018;70.3;66.8;65.1;70.6;28.1;32.3;42.8;45.0;9.3;28.7;51.0;53.0;52.6;43.6;54.3;69.8;72.7;57.7;35.3;43.8
21.05.2018;71.8;70.3;65.0;71.5;38.3;32.0;44.2;43.8;10.6;29.6;50.9;55.2;53.2;45.1;54.7;67.5;73.1;55.9;34.9;44.1
22.05.2018;71.4;72.9;64.2;72.3;32.8;31.3;43.3;42.8;10.4;28.9;54.8;55.4;51.9;46.4;55.0;64.6;71.7;52.9;34.1;42.7
23.05.2018;68.3;68.2;63.6;70.2;30.5;29.6;41.0;41.6;10.1;27.5;49.6;52.5;49.4;45.7;53.5;65.4;70.6;52.3;32.6;41.7
24.05.2018;68.9;64.2;60.3;70.8;32.9;19.5;39.9;42.7;9.8;26.6;48.9;50.8;48.2;45.4;53.3;59.2;71.8;54.1;31.6;40.8
25.05.2018;67.5;60.1;58.5;70.8;34.5;23.8;39.6;43.4;10.6;30.9;49.7;50.0;47.8;47.5;52.3;62.6;75.9;58.3;31.6;39.5
28.05.2018;68.2;66.2;56.7;70.9;36.4;24.2;39.5;42.9;11.3;33.7;51.1;49.8;48.4;48.7;52.3;68.2;77.0;58.6;31.6;38.9
29.05.2018;68.1;72.3;52.9;69.9;36.3;23.5;40.9;41.7;11.8;35.8;55.4;50.2;47.8;49.0;50.9;65.7;77.2;55.0;31.2;40.7
30.05.2018;65.3;76.3;51.3;69.4;35.4;20.7;41.4;41.6;10.7;37.1;54.5;51.0;47.3;48.8;49.6;59.0;76.4;48.6;35.0;39.5
31.05.2018;67.3;76.8;51.5;70.1;34.2;17.3;42.3;41.8;11.1;38.5;53.8;51.9;47.0;48.5;50.4;56.6;75.5;45.9;37.6;38.6
01.06.2018;69.8;81.7;53.5;70.1;33.6;15.9;42.4;42.6;13.0;39.5;54.2;52.4;46.7;49.7;50.8;55.1;74.7;46.5;37.3;39.1
04.06.2018;72.9;86.7;57.7;70.5;33.6;14.7;42.8;42.7;16.9;39.9;57.8;53.4;48.3;52.0;52.8;54.6;76.4;49.5;36.4;39.9
05.06.2018;77.5;87.2;58.3;68.1;34.0;12.5;41.0;44.4;20.0;40.4;59.4;55.4;49.0;54.5;53.7;54.5;78.8;49.5;36.1;39.2
06.06.2018;78.0;83.9;55.3;67.4;34.7;11.7;41.0;48.2;19.4;41.0;59.9;55.1;48.3;55.2;54.2;54.5;81.8;49.5;37.7;38.1
07.06.2018;76.8;86.6;57.6;68.2;35.9;13.7;41.3;49.3;20.3;41.0;59.8;57.5;48.4;56.3;54.7;53.9;82.6;50.8;40.1;38.4
08.06.2018;72.3;83.1;54.6;66.1;35.1;14.0;41.1;48.6;14.5;38.9;57.0;60.3;46.7;54.6;51.3;47.5;80.6;53.2;40.7;37.8
09.06.2018;73.2;82.3;51.0;65.1;33.9;13.4;41.6;48.4;14.0;38.0;57.3;59.8;45.9;53.5;49.6;44.9;80.2;52.6;40.8;37.4
11.06.2018;75.0;83.8;52.3;64.1;32.9;13.7;42.1;49.7;14.5;37.8;57.9;60.1;45.6;54.1;48.4;45.6;83.0;52.6;40.3;37.9
13.06.2018;83.1;85.2;54.4;64.8;33.5;15.6;42.4;52.4;15.6;37.6;57.8;61.3;45.4;52.9;46.2;43.4;85.2;51.4;40.5;37.9
14.06.2018;83.5;81.3;55.8;65.4;29.0;16.4;41.3;53.5;16.6;35.6;56.2;61.6;43.6;50.0;43.6;41.1;82.5;48.0;40.5;37.3
15.06.2018;83.4;75.1;52.8;63.8;24.7;15.3;41.6;53.9;19.3;34.7;55.5;63.2;42.9;49.1;41.6;40.7;82.8;47.1;39.1;35.5
18.06.2018;82.7;75.3;49.2;61.5;23.1;14.6;42.7;53.2;18.9;33.4;55.0;64.4;41.7;48.0;38.5;39.7;69.0;46.8;37.4;33.8
19.06.2018;84.6;77.4;51.0;59.3;21.2;13.7;44.7;50.0;16.8;33.2;54.2;64.1;42.1;47.8;35.1;42.5;64.4;49.5;36.3;31.3
20.06.2018;85.0;81.3;57.1;62.4;22.1;12.5;46.0;49.8;19.1;37.5;54.8;60.5;44.1;50.4;38.2;48.3;66.2;57.1;37.3;31.6
21.06.2018;83.5;83.2;57.7;63.4;22.2;12.5;45.8;49.9;17.2;39.7;54.4;58.7;44.6;50.8;36.0;53.5;65.7;66.8;38.2;32.9
22.06.2018;79.7;83.4;52.6;64.8;21.4;13.5;46.2;48.8;16.1;38.5;53.0;58.1;44.8;51.0;36.7;52.8;66.3;74.0;38.0;31.1
25.06.2018;76.7;84.9;49.3;57.4;20.1;13.5;46.6;48.5;17.5;38.2;54.1;54.4;44.3;51.3;38.5;53.7;64.2;77.0;38.3;28.9
26.06.2018;75.0;84.1;49.8;56.4;19.6;13.3;46.4;48.1;18.1;38.4;55.4;54.0;44.9;51.2;39.7;53.2;61.8;76.7;38.3;28.5
27.06.2018;77.9;84.8;50.7;57.6;21.4;13.0;46.2;46.2;18.1;39.7;56.1;52.6;46.6;49.4;40.7;50.2;59.8;75.2;38.3;28.5
28.06.2018;76.1;84.5;49.0;59.4;22.0;13.0;48.1;46.0;23.3;40.5;56.4;52.0;47.4;49.8;41.8;45.9;55.7;74.9;38.1;28.0
29.06.2018;79.0;87.2;50.1;61.5;21.2;13.3;46.9;47.4;30.0;41.9;56.3;51.7;49.5;51.2;43.5;46.9;57.0;78.2;37.7;28.6
02.07.2018;80.6;77.9;51.6;62.1;21.0;14.0;47.5;47.8;31.5;44.0;56.1;51.7;51.3;53.8;47.2;45.2;58.4;83.7;37.7;26.5
03.07.2018;81.8;72.6;48.7;61.1;20.7;14.0;46.0;48.7;29.9;45.6;56.0;51.3;51.0;55.3;48.7;40.9;59.1;87.0;38.8;26.6
04.07.2018;79.7;75.8;46.2;60.2;20.4;13.8;45.9;48.5;29.1;45.6;56.5;50.4;50.6;54.6;47.4;40.0;58.4;91.2;38.5;26.7
05.07.2018;79.2;82.4;47.6;61.3;20.5;13.0;49.4;48.2;30.5;47.7;56.1;49.8;52.4;54.4;49.6;43.7;59.4;98.2;28.4;26.7
06.07.2018;84.0;87.2;50.2;63.0;21.0;10.7;51.1;47.2;31.8;50.0;55.9;48.3;53.1;56.3;51.8;45.1;60.8;98.8;29.3;26.4
09.07.2018;87.0;85.6;53.9;65.9;21.8;11.9;52.4;49.0;34.7;50.9;42.1;47.9;53.5;58.4;54.8;48.8;63.9;96.4;28.9;26.5
10.07.2018;86.4;83.7;57.9;68.4;21.6;12.1;55.3;50.0;35.5;50.7;41.7;47.4;51.5;58.2;56.2;54.8;67.0;97.3;27.9;26.6
11.07.2018;84.2;81.3;57.0;67.4;21.1;11.9;54.6;49.4;34.1;50.2;40.5;46.5;49.8;53.7;52.6;51.7;65.4;96.7;26.3;26.1
12.07.2018;86.1;84.6;52.1;66.6;21.3;11.8;52.2;48.6;31.9;48.9;40.8;45.9;48.2;51.8;51.3;49.4;63.6;81.0;25.8;25.8
13.07.2018;91.1;84.8;52.9;67.7;21.8;11.9;53.1;49.0;33.6;48.4;42.1;45.5;49.0;52.6;53.5;51.2;65.2;81.9;25.4;27.1
16.07.2018;88.9;78.5;56.1;66.9;24.6;12.4;53.1;48.8;34.1;48.9;41.6;45.5;49.7;44.1;55.5;52.4;64.5;81.6;24.5;28.2
17.07.2018;90.6;76.5;53.9;64.1;23.2;11.9;51.0;48.3;29.5;47.7;41.6;44.5;48.2;41.2;53.0;52.1;64.3;80.4;24.6;28.6
18.07.2018;92.9;78.5;49.1;61.6;22.5;11.4;49.8;48.6;31.9;48.0;42.1;44.8;48.8;40.9;40.6;59.8;68.0;80.7;25.1;32.0
19.07.2018;91.4;77.2;51.5;57.6;21.8;10.3;50.0;48.5;31.6;48.3;40.5;46.0;49.7;38.9;39.7;58.9;73.9;74.0;23.5;34.1
20.07.2018;86.9;77.5;51.3;53.8;20.8;9.9;48.2;47.6;28.8;47.2;40.0;44.3;50.1;36.8;38.4;49.6;69.9;68.0;23.0;34.3
23.07.2018;87.2;77.4;49.7;54.8;31.5;10.8;47.1;47.1;29.1;45.6;40.4;44.6;50.2;36.9;39.4;48.4;69.8;68.0;24.2;31.2
24.07.2018;90.3;74.6;48.2;58.4;26.7;11.6;46.9;45.0;34.5;44.8;40.8;45.1;50.7;40.5;41.3;50.9;71.8;65.9;24.6;32.0
25.07.2018;90.8;73.3;48.0;57.8;28.3;11.1;47.0;44.3;37.4;46.8;39.8;43.4;51.0;43.3;40.2;49.8;71.7;65.0;23.3;33.1
26.07.2018;94.5;76.5;49.8;58.4;29.0;10.7;48.3;46.8;42.9;50.7;39.5;43.5;52.7;44.7;40.7;51.1;73.6;67.1;23.8;34.3
27.07.2018;91.9;74.4;50.9;56.8;28.2;11.0;50.0;47.0;45.1;52.0;41.7;43.3;52.9;44.0;40.1;51.2;76.1;68.9;24.0;36.9
30.07.2018;84.5;70.9;54.2;57.0;27.6;11.0;51.2;47.5;42.9;51.4;39.5;41.4;52.6;44.6;40.1;48.5;77.1;69.2;23.5;36.9
31.07.2018;80.7;64.9;55.8;58.3;27.8;11.1;55.5;47.3;43.0;52.0;39.5;40.0;53.4;44.7;45.3;45.8;77.8;69.8;23.8;33.8
01.08.2018;82.3;61.0;57.8;58.2;27.9;13.3;57.3;47.2;42.8;54.2;39.8;39.7;54.9;44.5;47.5;47.6;78.8;69.2;24.0;33.1
02.08.2018;80.6;60.8;56.9;56.0;26.1;14.0;57.3;46.0;43.4;54.5;39.5;39.1;55.5;42.7;45.3;48.5;75.2;66.8;20.7;32.5
03.08.2018;81.3;64.4;56.7;53.7;24.3;12.1;55.6;45.0;41.4;54.0;39.2;39.9;55.4;42.7;45.2;45.4;76.6;64.0;19.4;31.3
06.08.2018;80.5;65.2;57.2;54.0;26.1;11.6;57.3;46.1;41.7;54.0;39.7;41.2;55.2;43.5;46.2;46.1;80.0;65.6;19.2;31.0
07.08.2018;81.5;59.8;56.4;55.1;25.2;11.0;61.2;46.6;45.1;54.6;40.5;41.5;55.7;44.0;46.7;47.2;79.8;75.8;17.9;30.1
08.08.2018;78.2;52.7;55.3;51.0;23.9;10.5;61.6;45.5;43.8;54.3;39.8;41.6;55.5;43.9;48.9;46.9;78.9;75.2;16.7;29.0
09.08.2018;71.9;49.7;55.7;46.2;22.0;8.4;62.9;44.0;43.3;53.6;37.5;42.4;56.9;45.4;50.6;45.8;79.1;71.6;12.0;25.9
10.08.2018;70.5;54.3;55.5;45.0;22.6;7.9;64.9;42.8;32.4;55.5;37.5;41.2;58.4;42.3;51.6;39.3;71.6;57.7;12.3;25.4
13.08.2018;72.3;55.2;53.0;41.5;22.6;7.3;65.2;41.7;32.3;57.9;36.6;39.8;57.2;45.5;49.4;35.4;75.1;61.9;10.6;22.5
14.08.2018;73.0;51.8;52.7;43.5;22.3;5.9;65.9;45.6;32.7;61.6;37.1;38.1;56.0;47.8;46.7;37.3;79.9;68.9;11.6;19.2
15.08.2018;69.3;43.6;50.1;42.7;21.7;5.4;63.0;46.7;31.1;62.1;35.5;36.7;53.3;46.4;44.8;32.1;79.4;68.0;14.0;17.1
16.08.2018;70.1;43.3;46.2;43.0;21.0;5.3;61.4;44.9;30.0;61.4;35.3;35.2;52.6;46.4;45.2;30.2;79.0;63.1;13.6;16.9
17.08.2018;69.6;44.0;42.9;42.8;21.4;4.5;60.8;44.3;27.0;61.9;34.9;32.6;52.1;45.2;44.8;30.8;79.4;61.0;14.2;17.6
20.08.2018;70.5;47.1;43.1;43.7;21.7;3.9;61.2;44.7;31.0;62.6;35.1;31.5;52.3;45.7;46.0;33.4;82.8;64.4;13.9;17.9
21.08.2018;72.3;48.3;42.2;44.2;21.3;4.5;63.5;45.2;32.7;62.7;35.2;33.8;53.1;46.3;46.9;35.4;85.4;65.0;13.2;18.2
22.08.2018;72.7;54.2;46.0;43.5;19.9;5.4;66.1;45.0;34.1;64.4;35.9;34.3;55.2;47.0;49.4;35.5;86.4;62.2;12.9;19.3
23.08.2018;71.5;52.7;47.9;39.7;16.5;3.9;65.0;45.1;36.1;65.2;36.4;33.1;55.0;47.2;48.4;33.4;87.7;60.1;12.0;17.8
24.08.2018;70.1;53.6;46.4;36.7;13.6;1.8;62.9;46.1;38.3;66.5;35.9;31.7;54.8;46.6;47.9;31.5;89.3;64.7;9.8;15.0
27.08.2018;72.3;53.5;47.2;39.8;12.4;1.7;63.9;45.1;41.5;73.4;35.5;32.4;56.7;47.6;50.1;31.8;94.0;71.6;10.8;15.4
28.08.2018;73.6;48.2;47.1;40.9;12.5;1.1;65.7;44.6;41.0;76.7;31.8;32.8;58.0;49.6;52.5;30.0;95.5;74.0;11.8;15.8
29.08.2018;73.6;47.2;50.2;40.8;13.1;0.1;67.5;44.7;37.0;80.2;28.9;32.0;59.4;51.4;54.7;28.2;96.2;77.6;13.5;14.0
30.08.2018;72.9;48.0;52.4;39.7;13.0;0.0;67.9;44.1;32.7;83.0;29.6;31.4;61.2;51.6;55.2;28.3;96.5;81.6;18.1;12.8
31.08.2018;71.9;51.0;51.1;38.1;12.1;0.1;65.6;43.6;35.6;80.1;28.9;31.4;61.5;50.5;56.4;29.8;94.1;80.7;18.1;12.4
03.09.2018;74.3;54.1;53.5;39.1;12.1;4.4;66.3;44.5;41.2;78.4;26.6;31.6;62.1;50.8;59.6;32.3;96.6;81.6;18.1;13.4
04.09.2018;74.6;51.4;53.5;38.3;11.6;7.1;67.8;45.0;40.1;80.8;26.7;31.5;62.7;50.7;56.9;32.5;96.1;79.5;17.1;14.1
05.09.2018;72.5;45.7;48.2;36.7;10.8;5.9;66.4;45.0;38.0;83.5;24.1;30.6;60.8;49.7;55.9;30.7;92.8;78.5;15.8;14.3
06.09.2018;69.5;46.6;44.6;34.9;10.8;3.7;65.9;44.0;39.8;89.2;18.0;28.9;59.3;49.9;56.4;29.7;90.1;82.2;14.1;12.6
07.09.2018;67.6;47.8;42.3;33.5;8.6;4.8;66.7;42.9;39.1;91.7;11.1;26.4;58.9;50.1;56.5;31.1;89.2;85.5;13.2;10.1
10.09.2018;69.5;53.2;41.8;31.3;5.9;6.3;69.7;43.2;39.3;89.1;7.0;26.4;60.8;51.3;59.8;31.9;89.2;89.7;12.6;7.7
11.09.2018;69.2;53.8;42.3;29.0;4.6;6.1;71.9;42.8;39.7;85.9;6.5;24.2;61.7;52.8;63.0;26.9;90.7;91.2;10.9;6.1
12.09.2018;66.9;51.3;42.9;29.5;11.3;6.7;71.1;43.8;37.5;85.2;8.8;23.5;60.9;54.4;67.2;22.3;93.0;89.1;11.3;5.7
13.09.2018;69.4;48.6;41.2;34.7;14.2;7.2;69.2;45.7;36.1;81.9;13.7;22.8;60.0;55.8;67.4;24.9;95.4;91.2;12.4;6.5
14.09.2018;73.8;51.4;39.5;38.1;16.6;8.5;68.4;46.6;32.0;80.2;12.8;22.9;59.6;55.5;65.0;30.0;96.1;93.7;11.4;8.6
17.09.2018;74.4;48.7;39.3;40.3;25.7;11.3;68.6;49.1;29.1;78.9;11.3;22.1;59.0;54.2;66.6;37.6;94.8;95.5;11.3;10.0
18.09.2018;71.5;47.6;39.8;41.5;33.8;12.1;67.8;52.2;29.1;83.1;12.1;22.3;60.3;55.3;71.0;39.6;93.2;97.9;12.6;9.6
19.09.2018;72.3;48.2;39.9;44.3;33.4;12.0;67.7;52.8;28.1;86.1;12.7;22.8;61.8;56.5;73.5;38.6;94.3;94.3;15.0;10.1
20.09.2018;74.7;61.5;40.6;45.4;35.4;14.7;67.8;52.1;28.0;86.2;13.6;23.5;61.9;57.3;70.8;42.7;96.7;94.0;15.4;12.6
21.09.2018;76.2;66.9;37.9;44.8;38.9;16.6;67.7;52.5;28.0;85.0;12.5;22.8;62.2;60.3;71.6;43.9;100.0;96.4;14.5;14.4
24.09.2018;75.5;67.0;36.7;47.3;40.1;15.6;70.0;55.8;28.0;84.0;13.1;21.5;63.6;61.2;74.9;41.5;92.2;99.4;14.3;15.0
25.09.2018;76.9;62.3;36.2;47.4;35.7;10.9;74.3;59.2;26.4;82.6;14.1;20.5;66.1;60.4;76.9;38.3;91.0;98.2;12.7;15.2
26.09.2018;77.9;55.4;37.7;46.0;35.1;7.8;76.7;60.6;24.7;82.5;17.4;19.3;66.3;60.7;77.8;35.4;91.3;96.1;11.9;14.6
27.09.2018;76.6;52.2;42.4;47.9;36.2;6.7;80.4;59.9;26.1;85.9;18.9;17.4;67.4;59.5;78.1;26.5;93.0;97.0;12.1;12.6
28.09.2018;74.4;58.5;41.8;49.7;34.8;6.8;88.5;60.4;27.7;91.2;17.6;15.0;70.4;51.1;80.8;22.8;95.6;98.5;11.9;12.6
01.10.2018;73.1;60.9;41.2;49.8;36.8;6.7;92.4;62.1;28.0;93.8;18.5;14.8;72.1;52.6;81.7;19.4;95.1;99.4;11.6;12.9
02.10.2018;71.0;64.1;40.9;48.4;37.4;9.9;92.3;61.6;28.8;93.4;17.5;13.3;69.7;51.1;81.2;15.6;93.6;98.2;11.7;12.2
03.10.2018;73.4;71.1;42.3;46.7;39.1;11.4;95.9;62.9;31.9;96.1;18.8;12.9;70.2;51.9;87.9;13.7;95.7;98.2;12.0;12.5
04.10.2018;74.1;76.4;39.9;43.6;39.8;9.7;100.0;64.2;31.3;97.7;18.2;14.5;70.9;52.8;93.0;14.5;98.7;94.9;12.0;12.2
05.10.2018;72.3;73.3;37.1;41.4;37.1;7.9;97.6;66.7;30.7;96.0;16.7;14.0;70.7;51.9;92.5;12.9;98.9;90.3;10.6;11.3
08.10.2018;73.9;72.8;38.3;43.0;34.9;8.9;88.3;67.9;31.7;95.6;17.5;15.0;70.1;52.0;97.8;11.1;96.8;90.6;9.3;11.8
09.10.2018;77.8;74.6;37.8;45.7;35.7;11.3;85.0;66.6;30.3;92.1;18.2;14.5;70.5;52.8;100.0;8.6;97.7;93.1;8.8;10.8
10.10.2018;75.1;75.0;34.6;45.3;36.3;12.5;81.9;66.2;29.4;91.7;17.1;12.4;69.2;53.6;93.0;5.1;98.1;93.1;8.7;9.2
11.10.2018;70.7;70.9;31.9;41.2;32.8;10.6;78.0;64.4;30.6;87.7;13.3;10.8;65.5;50.2;81.0;0.0;91.3;85.2;7.4;5.9
12.10.2018;71.9;73.6;33.8;44.7;36.7;11.3;79.4;66.0;34.4;90.7;13.4;12.9;65.9;50.4;86.1;4.9;89.5;70.4;8.2;7.7
15.10.2018;73.4;73.9;34.2;45.2;37.7;10.9;79.1;67.1;34.2;92.4;16.4;12.4;64.4;48.6;87.1;8.8;85.3;71.6;7.6;8.1
16.10.2018;80.2;71.9;34.1;45.7;37.5;11.6;79.8;69.7;37.2;91.7;17.1;12.4;63.7;49.5;84.7;8.5;82.6;75.5;6.5;9.0
17.10.2018;85.5;72.6;35.0;46.7;37.6;12.7;81.1;69.5;37.1;88.3;17.7;13.8;64.4;52.3;86.8;13.5;89.4;81.0;5.9;9.6
18.10.2018;82.7;74.6;35.4;44.2;38.5;12.7;79.8;67.7;38.5;84.1;17.9;14.0;62.5;52.4;80.8;16.4;89.3;79.8;4.1;8.9
19.10.2018;53.4;72.6;36.9;41.9;38.8;13.3;80.6;65.3;38.5;81.2;17.6;13.0;61.8;52.6;77.9;15.3;88.1;76.7;3.4;7.7
22.10.2018;46.0;69.3;35.0;39.5;37.7;13.4;80.5;64.8;35.8;76.9;15.3;13.3;61.2;52.7;75.2;17.5;87.3;73.7;1.9;6.9
23.10.2018;42.4;61.9;30.8;37.8;36.0;9.9;76.3;63.1;34.2;75.6;13.0;13.3;63.6;49.6;66.7;16.5;82.4;67.4;0.0;5.9
24.10.2018;43.5;64.8;29.7;40.9;37.6;11.4;77.3;64.8;33.6;76.3;12.8;14.5;67.9;48.5;68.1;23.6;79.5;67.1;1.2;6.2
25.10.2018;41.2;63.5;26.1;40.7;37.1;11.0;76.5;64.1;31.8;72.0;12.3;16.1;68.8;46.4;67.7;28.8;76.4;68.9;0.5;5.6
26.10.2018;41.6;63.5;25.5;38.6;37.2;8.3;74.5;64.4;30.0;72.5;10.5;16.1;67.4;43.4;66.2;26.8;75.0;67.7;0.1;5.1
29.10.2018;47.5;71.8;25.7;39.0;37.4;7.0;75.3;64.0;31.3;73.8;9.4;17.7;67.4;42.0;64.5;26.9;74.1;65.9;0.8;5.6
30.10.2018;47.9;73.6;24.4;41.0;37.9;6.6;74.2;63.9;30.0;73.3;8.8;17.8;64.7;42.4;63.2;28.5;73.6;68.6;3.6;6.2
31.10.2018;53.2;67.6;25.6;42.5;37.6;7.5;77.0;64.0;29.0;73.3;8.6;16.0;67.0;45.1;66.6;30.1;78.2;74.9;5.1;7.5
01.11.2018;58.7;60.5;27.2;43.0;36.8;7.4;76.9;64.5;29.8;76.8;8.3;15.8;68.7;48.3;67.4;30.9;80.2;79.2;4.6;8.1
02.11.2018;61.2;69.1;28.0;44.3;37.0;7.7;76.8;64.7;31.5;80.2;8.2;16.3;69.7;52.3;67.1;36.7;82.9;82.5;5.9;8.3
06.11.2018;60.9;76.3;32.8;47.0;40.8;8.5;82.7;64.1;33.0;79.9;8.5;17.3;71.7;54.0;69.4;38.0;83.7;85.2;8.2;9.8
07.11.2018;60.2;73.2;34.6;49.6;42.2;10.1;87.5;64.1;33.9;80.4;9.2;17.6;74.1;55.8;71.5;39.7;83.5;87.9;7.3;10.8
08.11.2018;59.3;71.4;36.2;51.7;42.4;10.5;85.6;64.8;34.9;81.6;9.9;17.4;75.9;56.9;73.5;38.6;82.8;88.8;6.2;10.6
09.11.2018;55.6;68.0;35.5;48.9;42.0;8.9;81.5;63.6;37.4;77.3;9.2;15.6;73.7;56.4;68.1;35.7;81.2;88.2;4.0;9.2
12.11.2018;53.3;69.6;34.7;50.4;42.7;10.4;80.8;64.1;39.7;76.0;9.2;14.5;74.9;56.6;64.0;34.7;83.4;90.0;4.0;9.9
13.11.2018;52.5;72.5;32.4;49.8;41.9;10.5;73.7;64.6;39.1;77.8;9.1;15.0;72.0;56.2;60.1;31.9;82.3;86.4;4.3;9.8
14.11.2018;54.8;72.9;32.7;49.9;42.2;9.9;64.9;69.1;41.0;82.7;8.5;15.3;67.4;56.1;60.3;29.8;82.2;87.6;7.0;8.4
15.11.2018;55.6;69.1;34.3;52.0;42.2;10.5;61.7;76.7;41.4;85.7;8.7;15.4;66.8;57.6;66.6;31.6;81.3;85.8;8.9;8.2
16.11.2018;54.9;66.1;35.5;51.8;41.7;9.9;60.6;80.4;39.1;85.4;8.8;15.1;66.4;57.5;66.0;32.8;80.9;81.9;8.1;8.7
19.11.2018;55.0;67.0;35.4;50.8;41.5;9.6;60.3;83.0;42.8;86.8;9.8;14.6;66.5;58.1;67.1;31.0;78.9;80.7;7.0;8.7
20.11.2018;52.4;67.9;33.1;48.3;40.0;7.9;57.9;81.5;44.8;86.5;9.5;14.2;64.8;57.3;64.3;30.3;76.1;80.4;6.9;6.5
21.11.2018;52.4;64.8;32.7;48.8;40.5;7.5;55.1;80.1;46.9;86.9;9.1;14.3;64.7;58.0;63.5;27.2;77.0;78.9;11.0;6.0
22.11.2018;54.6;64.9;34.7;50.4;41.3;9.0;54.8;79.2;54.5;86.8;9.2;14.1;64.7;59.2;65.7;30.7;76.9;80.7;13.4;6.4
23.11.2018;52.8;64.0;34.8;49.7;40.8;10.4;52.7;74.1;56.3;85.0;9.2;14.2;62.4;60.1;64.2;33.7;76.0;83.4;15.7;6.1
26.11.2018;52.5;63.0;31.0;47.0;38.6;10.1;52.6;70.3;56.1;82.9;8.9;13.7;60.0;60.1;59.9;34.0;74.9;81.0;15.6;4.6
27.11.2018;55.4;63.4;29.6;46.2;38.0;10.3;56.2;70.6;58.3;82.9;8.3;13.8;60.4;64.1;63.5;37.5;73.6;79.2;16.2;5.1
28.11.2018;56.9;65.4;31.0;46.7;39.0;10.9;59.4;71.2;56.7;86.4;8.6;14.4;61.9;69.9;77.2;46.5;72.9;80.7;16.9;5.7
29.11.2018;58.6;69.4;33.8;48.5;39.0;13.6;58.2;70.5;57.6;91.7;10.2;15.3;62.9;73.1;86.8;49.9;75.1;85.2;17.6;6.4
30.11.2018;57.1;70.4;35.8;47.8;38.9;13.1;58.7;69.9;60.7;89.8;10.3;15.4;65.8;71.8;81.7;51.1;75.0;82.2;18.1;6.3
03.12.2018;60.0;69.0;40.3;51.0;39.6;14.0;65.0;70.5;60.8;90.1;12.2;15.6;72.0;73.8;85.7;52.0;69.3;80.4;16.5;6.4
04.12.2018;58.7;70.5;43.6;50.8;39.7;13.5;66.4;71.0;58.3;88.0;15.3;15.7;75.2;72.0;84.2;46.9;67.8;76.7;13.7;5.9
05.12.2018;56.6;66.6;44.8;49.0;38.9;12.5;65.9;72.1;59.6;86.6;16.9;14.8;77.1;71.6;81.8;38.6;66.4;74.6;12.7;5.9
06.12.2018;54.0;64.4;46.8;47.2;38.3;12.3;64.1;72.6;60.9;86.1;16.4;15.0;76.9;71.9;79.6;36.6;64.5;76.1;12.3;6.1
07.12.2018;54.1;63.4;48.6;48.4;37.1;12.0;65.6;72.3;63.0;86.0;16.1;12.6;77.4;72.2;80.1;38.4;64.7;75.5;11.1;6.0
10.12.2018;53.4;66.6;46.5;47.7;36.9;12.0;64.5;70.8;69.2;83.3;15.8;7.7;77.8;71.8;79.6;36.8;63.4;71.6;8.7;5.6
11.12.2018;51.2;67.7;44.8;47.9;35.3;12.4;61.6;70.0;69.7;82.1;13.7;4.5;77.2;71.6;76.6;33.3;61.4;67.4;8.2;4.6
12.12.2018;48.3;64.1;43.9;47.7;33.5;12.0;60.6;68.5;65.4;82.3;11.3;2.8;76.4;73.6;71.3;31.8;59.9;66.8;8.3;4.3
13.12.2018;52.1;61.7;44.3;46.3;32.4;12.0;58.3;70.8;70.3;83.0;11.3;3.9;74.2;77.3;69.3;35.4;59.7;68.9;8.3;4.7
14.12.2018;49.4;61.0;44.8;44.9;30.5;11.8;57.7;70.0;72.3;84.7;10.0;4.8;74.2;78.8;69.1;37.4;59.6;74.0;7.8;5.9
17.12.2018;50.2;46.1;45.5;43.7;30.1;10.6;57.5;69.2;72.6;85.5;9.0;5.2;73.9;80.3;67.9;39.8;62.0;73.1;7.9;10.6
18.12.2018;49.0;40.8;42.4;43.0;30.6;10.1;55.0;69.7;72.7;84.3;6.7;5.1;70.3;79.6;63.2;43.9;64.2;70.7;8.3;10.0
19.12.2018;50.4;40.2;42.3;44.1;29.6;11.1;55.4;69.9;78.5;84.7;4.0;6.6;67.7;78.2;63.8;51.5;65.4;71.6;8.6;7.7
20.12.2018;49.3;37.4;38.0;45.2;54.9;11.8;56.0;70.1;79.9;84.8;3.1;7.5;64.7;78.0;62.1;53.9;65.6;73.4;8.2;6.2
21.12.2018;49.6;34.2;34.3;45.2;42.4;11.5;55.3;70.9;83.7;85.2;2.5;8.2;66.4;77.4;62.5;56.2;63.1;75.8;8.6;4.8
24.12.2018;47.7;36.9;29.3;43.9;39.5;11.0;56.6;69.9;87.9;84.4;1.0;7.0;67.9;74.5;60.4;53.2;60.4;72.8;8.3;3.4
25.12.2018;46.6;40.6;25.0;42.1;35.7;9.9;53.5;68.5;86.5;80.6;0.0;4.9;65.1;70.6;55.5;43.0;56.8;68.6;7.8;0.4
26.12.2018;47.8;41.5;28.0;43.2;36.9;11.2;55.2;70.1;83.3;80.8;0.4;5.6;65.7;72.3;57.2;42.4;56.1;68.6;7.5;0.0
27.12.2018;51.1;39.7;28.4;44.6;40.7;12.7;58.6;71.3;85.5;83.2;0.9;7.1;67.6;75.3;62.0;45.6;57.8;71.6;7.6;0.1
28.12.2018;53.6;38.7;28.5;44.7;44.2;13.3;60.9;70.7;90.5;85.2;0.6;8.1;69.2;76.7;64.3;49.8;60.2;73.4;7.4;0.1
29.12.2018;54.9;44.1;31.0;45.2;46.2;13.9;62.2;71.6;91.6;86.5;0.1;7.8;70.4;77.2;66.2;51.3;61.0;73.7;7.5;0.6
03.01.2019;51.8;48.0;30.3;45.5;46.6;14.9;61.9;72.1;90.4;85.7;1.1;7.9;70.3;76.0;69.6;54.1;59.8;75.8;7.8;0.2
04.01.2019;52.0;47.8;31.7;45.9;46.5;15.1;63.6;71.9;87.4;86.6;1.7;7.4;72.4;76.8;73.7;63.2;60.9;81.9;7.6;1.4
08.01.2019;55.4;43.6;32.9;46.9;44.9;15.0;60.9;71.1;81.3;86.5;5.0;7.2;71.6;77.7;74.0;62.5;63.3;79.2;7.6;2.9
09.01.2019;56.8;45.8;33.5;47.6;40.0;14.9;61.8;71.6;82.3;86.0;7.5;7.1;72.5;79.6;76.4;59.6;65.9;79.2;8.0;3.2
10.01.2019;58.7;47.8;35.3;47.8;42.8;15.2;63.0;72.4;89.1;86.1;8.3;7.3;73.6;80.2;76.2;55.9;67.4;84.9;9.6;3.6
11.01.2019;59.5;50.3;38.6;48.7;49.2;16.8;64.7;72.2;91.9;86.9;8.0;9.3;76.3;82.4;78.1;54.2;67.5;89.1;10.6;4.8
14.01.2019;59.6;50.6;41.0;48.3;46.9;17.1;63.4;72.0;90.9;86.2;6.2;10.7;76.3;81.7;77.4;53.0;66.1;89.7;10.8;3.7
15.01.2019;60.4;52.1;44.6;49.7;45.4;17.3;61.7;72.6;91.4;87.2;5.8;10.8;76.8;81.8;76.4;55.5;64.8;90.9;11.7;3.6
16.01.2019;60.0;56.8;44.6;50.6;40.6;20.2;60.2;73.5;89.5;86.6;5.0;10.4;75.9;80.3;73.0;54.6;63.9;91.8;12.5;3.5
17.01.2019;59.6;58.8;42.2;51.8;49.3;22.5;58.2;74.4;91.4;86.4;4.2;10.5;75.1;79.6;71.8;51.7;63.4;88.8;13.3;3.9
18.01.2019;63.7;58.8;43.4;54.5;47.9;24.2;58.4;74.0;91.0;86.6;4.8;11.0;76.5;81.1;74.7;52.5;64.2;88.2;13.0;4.2
21.01.2019;64.4;58.8;44.3;56.4;50.2;25.3;59.6;74.9;89.7;86.5;6.2;11.7;77.1;81.6;75.4;56.7;63.7;88.2;11.7;3.6
22.01.2019;64.3;56.8;43.0;55.8;48.4;24.7;57.7;75.5;90.5;85.0;5.8;11.8;76.6;80.8;73.7;57.6;63.1;82.5;11.1;3.1
23.01.2019;65.0;57.7;43.1;57.7;47.4;26.4;58.2;76.1;92.4;85.5;7.1;11.9;77.0;81.4;75.6;60.5;62.5;81.0;11.0;3.6
24.01.2019;66.5;58.1;39.7;58.6;48.3;25.8;55.3;75.5;91.1;82.7;9.9;11.6;76.4;81.8;78.3;61.2;59.4;81.6;10.9;4.0
25.01.2019;71.1;64.4;38.0;58.6;49.5;25.8;54.4;77.5;90.9;83.5;13.9;11.4;77.3;81.7;80.5;61.6;60.3;81.6;11.1;4.1
28.01.2019;73.7;65.4;37.5;57.4;54.4;24.9;54.9;79.7;91.0;84.7;16.3;11.2;76.5;79.3;80.0;58.2;62.9;78.9;11.2;4.2
29.01.2019;73.8;65.4;37.2;58.3;43.9;23.5;54.6;77.1;95.4;86.4;14.7;10.5;76.2;78.7;79.5;55.1;64.0;73.4;11.1;3.7
30.01.2019;73.0;70.1;38.3;60.0;37.5;23.1;56.1;76.7;98.7;88.0;13.0;9.7;77.2;82.6;84.0;52.8;66.6;71.3;12.4;4.1
31.01.2019;76.5;70.8;38.1;61.4;38.5;23.2;56.3;78.9;100.0;89.3;13.6;9.4;78.9;86.5;84.9;51.3;72.4;73.1;13.2;4.1
01.02.2019;76.3;69.1;38.1;61.6;38.7;22.7;54.8;80.4;97.8;87.5;14.1;9.2;79.7;85.2;82.3;50.6;75.8;76.1;11.8;4.0
04.02.2019;77.1;69.0;38.1;60.9;41.8;22.7;55.3;82.0;97.1;86.9;13.4;9.0;81.6;84.3;83.4;51.9;79.9;75.2;9.8;4.7
05.02.2019;79.6;69.1;38.0;61.2;46.7;22.4;58.7;82.0;97.5;88.4;13.3;8.3;83.1;85.0;83.9;52.0;81.7;74.3;7.8;5.8
06.02.2019;80.6;69.6;37.7;61.9;48.3;22.7;61.2;81.0;98.2;87.9;13.5;9.5;84.6;86.2;83.7;55.5;79.9;76.7;8.4;6.2
07.02.2019;77.5;69.3;35.2;59.9;45.3;22.4;57.3;82.5;96.9;86.4;12.8;10.0;83.7;85.9;79.8;58.1;79.5;78.5;7.9;6.0
08.02.2019;74.3;71.9;32.1;57.9;48.6;22.1;54.9;83.4;95.1;86.2;11.2;9.4;82.3;86.2;76.6;59.6;80.3;77.9;8.3;5.4
11.02.2019;76.0;72.6;30.5;59.2;50.1;22.0;55.7;88.4;90.9;85.5;11.2;9.1;83.3;87.1;79.1;58.8;81.1;77.9;8.2;5.8
12.02.2019;78.3;72.6;30.4;61.1;52.1;21.4;55.8;93.4;88.2;85.0;12.9;9.2;84.1;87.6;81.3;58.2;82.4;76.4;8.4;7.3
13.02.2019;79.8;69.4;27.4;61.0;53.9;21.0;53.6;95.1;85.6;83.3;12.4;9.0;82.6;86.2;80.1;55.6;80.1;72.5;7.6;7.7
14.02.2019;80.3;70.4;24.9;54.8;54.2;18.9;47.5;92.1;85.2;79.4;11.0;7.9;81.3;85.4;71.5;53.1;77.1;68.9;7.1;5.6
15.02.2019;80.2;72.5;29.0;55.8;51.6;18.8;50.0;94.1;90.2;79.6;11.1;8.1;83.3;87.7;73.0;56.1;79.3;69.5;7.9;5.9
18.02.2019;72.5;66.8;28.7;55.3;51.9;19.0;51.4;96.3;91.3;78.5;11.8;7.8;84.7;86.3;73.7;57.8;78.8;70.7;7.7;5.7
19.02.2019;72.2;60.1;26.1;53.8;48.9;18.5;51.5;98.2;94.3;79.7;12.3;7.3;85.0;86.9;69.3;56.9;76.1;68.0;6.9;5.5
20.02.2019;74.0;61.9;28.2;54.5;48.0;18.3;51.1;100.0;94.6;83.7;12.2;7.0;84.9;91.6;68.1;59.2;75.5;66.8;7.0;6.6
21.02.2019;72.1;61.9;28.0;54.5;48.3;18.1;49.7;99.8;92.5;86.0;11.6;7.0;84.4;93.1;67.4;60.9;74.6;67.1;6.7;6.5
22.02.2019;70.2;61.0;26.1;54.1;48.2;18.9;49.1;97.4;90.1;86.3;11.5;7.1;85.8;92.4;67.6;59.0;74.2;65.6;6.7;6.0
25.02.2019;77.0;63.3;26.3;54.9;50.2;19.4;49.3;95.1;89.9;85.8;11.7;6.2;87.3;96.5;68.1;57.5;78.4;66.5;6.6;5.5
26.02.2019;75.4;65.9;24.6;54.5;50.9;17.9;48.1;95.3;92.6;83.9;11.3;5.8;86.7;98.5;67.7;54.2;81.5;69.2;6.2;5.2
27.02.2019;74.5;63.5;22.6;55.2;49.8;17.5;49.6;96.7;94.8;82.8;10.4;4.9;88.1;96.4;70.5;49.7;82.3;69.5;5.1;5.5
28.02.2019;75.4;61.2;19.4;56.2;48.7;16.8;49.2;97.1;93.4;80.1;9.6;3.9;87.4;94.1;73.3;45.5;81.8;66.2;4.3;4.6
01.03.2019;80.4;61.6;17.0;57.2;49.8;16.6;49.1;93.8;92.5;79.2;10.5;3.8;86.5;93.2;73.7;42.5;81.2;64.4;4.2;5.2
04.03.2019;83.6;63.7;15.4;56.6;51.6;16.6;49.1;91.3;83.9;79.7;11.6;3.3;86.7;90.4;69.8;42.7;83.6;62.5;4.8;4.8
05.03.2019;85.6;59.4;13.8;55.2;51.4;15.9;48.4;88.3;77.9;79.2;11.3;2.7;88.8;87.2;66.7;40.7;83.2;57.7;3.5;5.2
06.03.2019;90.2;60.5;14.3;55.3;52.7;16.3;49.4;88.8;82.1;79.5;10.7;2.3;91.2;93.4;66.7;41.9;82.1;56.8;4.7;4.8
07.03.2019;88.5;58.8;12.5;55.3;49.4;15.2;50.4;87.2;82.3;79.0;10.6;1.4;91.7;97.8;65.2;42.6;80.8;57.1;5.7;5.0
11.03.2019;87.9;58.8;8.1;55.3;48.0;14.0;49.9;85.9;83.9;79.1;11.0;0.1;89.5;94.6;63.0;43.3;79.6;58.9;7.3;10.4
12.03.2019;89.7;60.2;5.4;56.3;48.3;14.1;48.9;85.0;86.2;79.8;11.3;0.0;88.8;95.7;63.5;46.2;80.4;61.3;7.6;11.9
13.03.2019;88.4;58.7;1.8;56.3;47.1;13.0;49.0;83.6;91.0;78.9;11.2;0.3;88.7;88.8;63.8;44.3;78.7;64.0;6.9;14.2
14.03.2019;86.8;56.1;0.8;56.3;45.4;12.1;50.3;84.1;94.7;77.0;10.8;0.3;89.5;89.9;65.7;39.4;77.6;66.8;6.5;16.4
15.03.2019;87.9;47.9;0.0;56.1;44.2;12.5;49.9;82.3;93.0;75.4;10.6;1.0;90.1;92.7;66.4;36.6;80.0;66.2;6.5;18.9
18.03.2019;87.8;44.1;2.9;57.0;42.8;12.7;49.0;82.3;95.2;75.2;10.9;2.5;90.1;94.4;68.8;37.0;82.1;68.3;6.6;19.3
19.03.2019;86.7;44.7;8.0;58.5;43.3;13.8;49.1;82.9;96.2;74.8;11.9;3.3;90.6;96.0;69.8;38.1;81.1;69.5;6.4;19.1
20.03.2019;85.6;43.9;8.7;59.8;42.3;14.0;51.2;83.3;92.9;74.6;12.6;3.3;93.0;96.1;69.4;35.3;78.4;68.6;5.9;17.3
21.03.2019;84.3;44.8;8.2;60.9;42.2;14.4;53.5;83.7;92.3;77.1;13.4;5.1;94.2;95.2;69.9;36.1;78.6;66.8;5.0;15.2
22.03.2019;83.8;44.0;5.8;60.3;42.2;14.5;53.6;78.4;92.1;79.5;13.6;7.2;94.5;95.1;66.2;35.2;78.3;65.3;4.6;13.3
25.03.2019;82.7;41.9;3.3;60.9;40.8;14.3;51.5;77.9;88.7;79.4;13.2;8.4;93.8;94.6;63.0;35.9;77.2;65.3;4.4;13.1
26.03.2019;85.4;42.6;4.4;64.4;40.1;14.3;52.1;78.1;89.5;79.3;14.8;9.3;94.6;95.8;63.2;41.1;77.6;64.0;4.4;15.4
27.03.2019;83.9;42.5;4.6;65.5;39.4;14.4;52.0;77.6;92.7;77.3;16.5;9.2;96.2;90.7;60.6;42.3;77.2;61.3;4.1;14.7
28.03.2019;84.2;42.2;4.3;64.4;37.4;16.4;52.7;76.7;92.9;75.5;16.3;9.4;97.0;85.9;59.9;40.2;78.7;59.2;3.9;13.5
29.03.2019;85.3;43.3;6.0;64.8;35.9;16.8;54.1;75.8;92.8;76.8;15.9;10.0;97.7;84.9;60.4;40.1;81.3;57.7;4.1;12.9
01.04.2019;81.9;43.0;10.1;65.0;36.7;16.7;57.2;75.0;93.5;77.0;13.8;10.0;98.6;89.2;64.3;41.0;81.6;58.0;4.4;11.4
02.04.2019;79.9;43.3;11.6;66.2;38.1;17.1;58.6;73.4;94.9;76.2;10.7;12.0;99.4;92.3;68.3;42.3;83.3;58.6;5.2;11.3
03.04.2019;82.4;43.0;11.7;68.3;38.0;17.3;58.4;72.0;90.5;76.9;5.4;12.9;100.0;93.8;71.0;43.1;86.7;58.9;5.5;11.9
04.04.2019;82.7;42.6;13.5;68.4;37.0;19.6;59.0;73.5;80.8;76.2;6.6;13.0;98.4;94.3;73.3;42.3;86.9;59.5;5.3;11.7
05.04.2019;83.7;42.7;14.4;71.0;36.7;21.7;60.1;77.3;78.5;75.9;7.8;13.8;97.1;95.8;74.9;42.3;85.9;61.6;5.8;11.4
08.04.2019;84.7;42.5;14.8;74.0;36.2;20.9;59.6;77.4;79.1;77.1;8.8;13.5;96.4;96.1;76.9;41.2;85.6;62.8;6.0;11.7
09.04.2019;86.8;44.3;15.6;77.0;36.4;20.8;58.2;76.5;78.5;78.3;8.7;13.1;94.8;96.2;80.0;41.6;84.3;61.6;5.0;13.1
10.04.2019;83.8;48.0;13.7;79.3;36.4;21.2;58.9;77.1;74.0;79.9;8.2;13.3;92.7;97.2;82.5;41.8;84.5;61.9;4.6;13.6
11.04.2019;93.3;48.9;11.9;78.1;35.6;21.3;63.0;77.0;70.5;79.2;9.4;13.0;91.1;95.8;77.9;40.4;81.7;61.9;4.9;13.0
12.04.2019;95.8;52.1;12.6;77.3;35.5;20.3;64.8;78.0;69.8;79.9;9.4;13.0;89.7;95.7;75.6;40.1;82.7;62.2;5.3;14.8
15.04.2019;98.2;53.1;10.0;78.4;35.6;20.6;63.6;80.8;67.0;80.7;9.7;12.6;89.4;96.8;75.7;39.5;83.5;61.9;5.3;20.0
16.04.2019;100.0;54.6;8.5;77.3;35.7;22.0;64.5;83.1;67.2;81.1;11.1;12.4;89.5;98.1;78.4;39.5;84.5;63.7;5.8;20.7
17.04.2019;99.1;56.7;10.7;76.3;39.7;21.5;66.8;82.4;70.2;83.0;12.7;12.4;89.3;99.3;83.5;45.1;84.6;66.8;5.8;22.4
18.04.2019;94.0;56.3;10.3;75.0;38.3;21.3;65.8;81.1;70.5;82.8;13.6;12.3;89.0;98.6;81.5;51.5;83.1;66.8;5.4;20.9
19.04.2019;93.0;56.6;10.0;75.0;38.7;21.0;65.1;81.3;72.1;84.5;15.3;12.0;89.6;98.5;80.8;54.1;85.3;67.1;5.1;19.8
22.04.2019;93.7;57.1;10.1;76.9;39.4;20.7;66.5;82.2;73.7;87.1;16.6;11.7;91.0;99.1;83.2;54.7;86.8;66.8;4.9;19.7
23.04.2019;93.4;56.0;8.3;78.3;39.4;19.1;68.8;81.6;71.4;89.5;15.2;11.8;93.9;97.9;81.8;57.5;85.3;67.4;4.5;17.2
24.04.2019;93.6;53.4;5.2;78.2;38.6;20.2;67.9;81.8;69.3;89.3;14.2;12.4;94.2;96.1;79.6;58.5;85.3;66.2;4.0;17.1
25.04.2019;93.9;48.9;5.5;76.1;37.7;20.9;66.8;80.9;70.5;93.3;13.4;13.1;92.7;96.3;76.9;64.8;86.4;64.7;3.9;16.3
26.04.2019;92.2;45.8;5.7;72.5;36.3;19.9;64.8;80.9;73.0;98.5;13.0;13.5;89.7;99.4;77.1;70.2;86.5;63.4;4.0;17.2
29.04.2019;92.6;47.8;5.8;73.3;35.5;20.4;64.7;81.0;75.3;100.0;13.9;13.3;88.9;100.0;81.7;70.4;88.6;61.6;4.3;14.7
30.04.2019;92.4;48.0;4.5;73.6;34.3;20.4;63.8;80.1;75.2;98.3;15.3;13.3;87.1;96.9;84.2;72.9;86.9;62.8;4.1;9.3
02.05.2019;95.6;47.9;4.1;73.5;32.7;20.1;61.1;80.7;74.0;98.5;16.1;14.1;87.3;95.2;85.7;77.1;86.9;63.4;3.9;9.5
03.05.2019;93.7;49.3;6.6;75.0;32.3;19.9;60.9;81.1;74.8;97.7;16.0;13.9;86.7;95.1;87.9;80.1;87.8;65.9;4.1;10.6
