0;1800.00;0.00;0.00;0.00;0.00;0.00;0.00;0.00;0.00;0.00;1.50;
1800;3600.00;0.00;0.00;0.00;0.00;0.00;0.00;0.00;0.00;0.00;1.40;
3600;5400.00;0.00;0.00;0.00;0.00;0.00;0.00;0.00;0.00;0.00;1.30;
5400;7200.00;0.00;0.00;0.00;0.00;0.00;0.00;0.00;0.00;0.00;1.20;
7200;9000.00;0.00;0.00;0.00;0.00;0.00;0.00;0.00;0.00;0.00;1.10;
9000;10800.00;0.00;0.00;0.00;0.00;0.00;0.00;0.00;0.00;0.00;1.00;
10800;12600.00;0.00;0.00;0.00;0.00;0.00;0.00;0.00;0.00;0.00;0.90;
12600;14400.00;0.00;0.00;0.00;0.00;0.00;0.00;0.00;0.00;0.00;0.80;
14400;16200.00;0.00;0.00;0.00;0.00;0.00;0.00;0.00;0.00;0.00;0.70;
16200;18000.00;0.00;0.00;0.00;0.00;0.00;0.00;0.00;0.00;0.00;0.60;
18000;19800.00;0.00;0.00;0.00;0.00;0.00;0.00;0.00;0.00;0.00;0.50;
19800;21600.00;0.00;0.00;0.00;0.00;0.00;0.00;0.00;0.00;0.00;0.40;
21600;23400.00;0.00;0.00;0.00;0.00;0.00;0.00;0.00;0.00;0.00;0.30;
23400;25200.00;0.00;0.00;0.00;0.00;0.00;0.00;0.00;0.00;0.00;0.20;
25200;27000.00;0.00;0.00;0.00;0.00;0.00;0.00;0.00;0.00;0.00;0.10;
27000;28800.00;0.00;0.00;0.00;0.00;0.00;0.00;0.00;0.00;0.00;0.00;
28800;30600.00;0.00;0.00;0.00;0.00;0.00;0.00;0.00;0.00;0.00;0.00;
30600;32400.00;0.00;0.00;0.00;0.00;0.00;0.00;0.00;0.00;0.00;0.00;
32400;34200.00;0.00;0.00;0.00;0.00;0.00;0.00;0.00;0.00;0.00;0.00;
34200;36000.00;0.00;0.00;0.00;0.00;0.00;0.00;0.00;0.00;0.00;0.00;
36000;37800.00;0.00;0.00;0.00;0.00;0.00;0.00;0.00;0.00;0.00;0.00;
37800;39600.00;0.00;0.00;0.00;0.00;0.00;0.00;0.00;0.00;0.00;0.00;
39600;41400.00;0.00;0.00;0.00;0.00;0.00;0.00;0.00;0.00;0.00;0.00;
41400;43200.00;0.00;0.00;0.00;0.00;0.00;0.00;0.00;0.00;0.00;0.00;
43200;45000.00;0.00;0.00;0.00;0.00;0.00;0.00;0.00;0.00;0.00;0.00;
45000;46800.00;0.00;0.00;0.00;0.00;0.00;0.00;0.00;0.00;0.00;0.00;
46800;48600.00;0.00;0.00;0.00;0.00;0.00;0.00;0.00;0.00;0.00;0.00;
48600;50400.00;0.00;0.00;0.00;0.00;0.00;0.00;0.00;0.00;0.00;0.00;
50400;52200.00;0.00;0.00;0.00;0.00;0.00;0.00;0.00;0.00;0.00;0.00;
52200;54000.00;0.00;0.00;0.00;0.00;0.00;0.00;0.00;0.00;0.00;0.00;
54000;55800.00;0.00;0.00;0.00;0.00;0.00;0.00;0.00;0.00;0.00;0.00;
55800;57600.00;0.00;0.00;0.00;0.00;0.00;0.00;0.00;0.00;0.00;0.00;
57600;59400.00;0.00;0.00;0.00;0.00;0.00;0.00;0.00;0.00;0.00;0.00;
59400;61200.00;0.00;0.00;0.00;0.00;0.00;0.00;0.00;0.00;0.00;0.00;
61200;63000.00;0.00;0.00;0.00;0.00;0.00;0.00;0.00;0.00;0.00;0.00;
63000;64800.00;0.00;0.00;0.00;0.00;0.00;0.00;0.00;0.00;0.00;0.00;
64800;66600.00;0.00;0.00;0.00;0.00;0.00;0.00;0.00;0.00;0.00;0.00;
66600;68400.00;0.00;0.00;0.00;0.00;0.00;0.00;0.00;0.00;0.00;0.00;
68400;70200.00;0.00;0.00;0.00;0.00;0.00;0.00;0.00;0.00;0.00;0.00;
70200;72000.00;0.00;0.00;0.00;0.00;0.00;0.00;0.00;0.00;0.00;0.00;
72000;73800.00;0.00;0.00;0.00;0.00;0.00;0.00;0.00;0.00;0.00;0.00;
73800;75600.00;0.00;0.00;0.00;0.00;0.00;0.00;0.00;0.00;0.00;0.00;
75600;77400.00;0.00;0.00;0.00;0.00;0.00;0.00;0.00;0.00;0.00;0.00;
77400;79200.00;0.00;0.00;0.00;0.00;0.00;0.00;0.00;0.00;0.00;0.00;
79200;81000.00;0.00;0.00;0.00;0.00;0.00;0.00;0.00;0.00;0.00;0.00;
81000;82800.00;0.00;0.00;0.00;0.00;0.00;0.00;0.00;0.00;0.00;0.00;
82800;84600.00;0.00;0.00;0.00;0.00;0.00;0.00;0.00;0.00;0.00;0.10;
84600;86400.00;0.00;0.00;0.00;0.00;0.00;0.00;0.00;0.00;0.00;0.20;
86400;88200.00;0.00;0.00;0.00;0.00;0.00;0.00;0.00;0.00;0.00;0.30;
88200;90000.00;0.00;0.00;0.00;0.00;0.00;0.00;0.00;0.00;0.00;0.40;
90000;91800.00;0.00;0.00;0.00;0.00;0.00;0.00;0.00;0.00;0.00;0.50;
91800;93600.00;0.00;0.00;0.00;0.00;0.00;0.00;0.00;0.00;0.00;0.60;
93600;95400.00;0.00;0.00;0.00;0.00;0.00;0.00;0.00;0.00;0.00;0.70;
95400;97200.00;0.00;0.00;0.00;0.00;0.00;0.00;0.00;0.00;0.00;0.80;
97200;99000.00;0.00;0.00;0.00;0.00;0.00;0.00;0.00;0.00;0.00;0.90;
99000;100800.00;0.00;0.00;0.00;0.00;0.00;0.00;0.00;0.00;0.00;1.00;
100800;102600.00;0.00;0.00;0.00;0.00;0.00;0.00;0.00;0.00;0.00;1.10;
102600;104400.00;0.00;0.00;0.00;0.00;0.00;0.00;0.00;0.00;0.00;1.20;
104400;106200.00;0.00;0.00;0.00;0.00;0.00;0.00;0.00;0.00;0.00;1.30;
106200;108000.00;0.00;0.00;0.00;0.00;0.00;0.00;0.00;0.00;0.00;1.40;
108000;109800.00;0.00;0.00;0.00;0.00;0.00;0.00;0.00;0.00;0.00;1.50;
109800;111600.00;0.25;0.25;0.50;0.25;0.75;0.25;1.00;0.25;0.25;1.40;
111600;113400.00;0.50;0.50;1.00;0.50;1.50;0.50;2.00;0.50;0.50;1.30;
113400;115200.00;0.75;0.75;1.50;0.75;2.25;0.75;3.00;0.75;0.75;1.20;
115200;117000.00;1.00;1.00;2.00;1.00;3.00;1.00;4.00;1.00;1.00;1.10;
117000;118800.00;1.25;1.25;2.50;1.25;3.75;1.25;5.00;1.25;1.25;1.00;
118800;120600.00;1.50;1.50;3.00;1.50;4.50;1.50;6.00;1.50;1.50;0.90;
120600;122400.00;1.75;1.75;3.50;1.75;5.25;1.75;7.00;1.75;1.75;0.80;
122400;124200.00;2.00;2.00;4.00;2.00;6.00;2.00;8.00;2.00;2.00;0.70;
124200;126000.00;2.25;2.25;4.50;2.25;6.75;2.25;9.00;2.25;2.25;0.60;
126000;127800.00;2.50;2.50;5.00;2.50;7.50;2.50;10.00;2.50;2.50;0.50;
127800;129600.00;2.75;2.75;5.50;2.75;8.25;2.75;11.00;2.75;2.75;0.40;
129600;131400.00;3.00;3.00;6.00;3.00;9.00;3.00;12.00;3.00;3.00;0.30;
131400;133200.00;3.25;3.25;6.50;3.25;9.75;3.25;13.00;3.25;3.25;0.20;
133200;135000.00;3.50;3.50;7.00;3.50;10.50;3.50;14.00;3.50;3.50;0.10;
135000;136800.00;3.75;3.75;7.50;3.75;11.25;3.75;15.00;3.75;3.75;0.00;
136800;138600.00;4.00;4.00;8.00;4.00;12.00;4.00;16.00;4.00;4.00;0.00;
138600;140400.00;4.25;4.25;8.50;4.25;12.75;4.25;17.00;4.25;4.25;0.00;
140400;142200.00;4.50;4.50;9.00;4.50;13.50;4.50;18.00;4.50;4.50;0.00;
142200;144000.00;4.75;4.75;9.50;4.75;14.25;4.75;19.00;4.75;4.75;0.00;
144000;145800.00;5.00;5.00;10.00;5.00;15.00;5.00;20.00;5.00;5.00;0.00;
145800;147600.00;5.25;5.25;10.50;5.25;15.75;5.25;21.00;5.25;5.25;0.00;
147600;149400.00;5.50;5.50;11.00;5.50;16.50;5.50;22.00;5.50;5.50;0.00;
149400;151200.00;5.75;5.75;11.50;5.75;17.25;5.75;23.00;5.75;5.75;0.00;
151200;153000.00;6.00;6.00;12.00;6.00;18.00;6.00;24.00;6.00;6.00;0.00;
153000;154800.00;6.25;6.25;12.50;6.25;18.75;6.25;25.00;6.25;6.25;0.00;
154800;156600.00;6.50;6.50;13.00;6.50;19.50;6.50;26.00;6.50;6.50;0.00;
156600;158400.00;6.75;6.75;13.50;6.75;20.25;6.75;27.00;6.75;6.75;0.00;
158400;160200.00;7.00;7.00;14.00;7.00;21.00;7.00;28.00;7.00;7.00;0.00;
160200;162000.00;7.25;7.25;14.50;7.25;21.75;7.25;29.00;7.25;7.25;0.00;
162000;163800.00;7.50;7.50;15.00;7.50;22.50;7.50;30.00;7.50;7.50;0.00;
163800;165600.00;7.75;7.75;15.50;7.75;23.25;7.75;31.00;7.75;7.75;0.00;
165600;167400.00;8.00;8.00;16.00;8.00;24.00;8.00;32.00;8.00;8.00;0.00;
167400;169200.00;8.25;8.25;16.50;8.25;24.75;8.25;33.00;8.25;8.25;0.00;
169200;171000.00;8.50;8.50;17.00;8.50;25.50;8.50;34.00;8.50;8.50;0.00;
171000;172800.00;8.75;8.75;17.50;8.75;26.25;8.75;35.00;8.75;8.75;0.00;
172800;174600.00;9.00;9.00;18.00;9.00;27.00;9.00;36.00;9.00;9.00;0.00;
174600;176400.00;9.25;9.25;18.50;9.25;27.75;9.25;37.00;9.25;9.25;0.00;
176400;178200.00;9.50;9.50;19.00;9.50;28.50;9.50;38.00;9.50;9.50;0.00;
178200;180000.00;9.75;9.75;19.50;9.75;29.25;9.75;39.00;9.75;9.75;0.00;
180000;181800.00;10.00;10.00;20.00;10.00;30.00;10.00;40.00;10.00;10.00;0.00;
181800;183600.00;10.25;10.25;20.50;10.25;30.75;10.25;41.00;10.25;10.25;0.00;
183600;185400.00;10.50;10.50;21.00;10.50;31.50;10.50;42.00;10.50;10.50;0.00;
185400;187200.00;10.75;10.75;21.50;10.75;32.25;10.75;43.00;10.75;10.75;0.00;
187200;189000.00;11.00;11.00;22.00;11.00;33.00;11.00;44.00;11.00;11.00;0.00;
189000;190800.00;11.25;11.25;22.50;11.25;33.75;11.25;45.00;11.25;11.25;0.00;
190800;192600.00;11.50;11.50;23.00;11.50;34.50;11.50;46.00;11.50;11.50;0.00;
192600;194400.00;11.75;11.75;23.50;11.75;35.25;11.75;47.00;11.75;11.75;0.00;
194400;196200.00;12.00;12.00;24.00;12.00;36.00;12.00;48.00;12.00;12.00;0.00;
196200;198000.00;12.25;12.25;24.50;12.25;36.75;12.25;49.00;12.25;12.25;0.00;
198000;199800.00;12.50;12.50;25.00;12.50;37.50;12.50;50.00;12.50;12.50;0.00;
199800;201600.00;12.75;12.75;25.50;12.75;38.25;12.75;51.00;12.75;12.75;0.00;
201600;203400.00;13.00;13.00;26.00;13.00;39.00;13.00;52.00;13.00;13.00;0.00;
203400;205200.00;13.25;13.25;26.50;13.25;39.75;13.25;53.00;13.25;13.25;0.00;
205200;207000.00;13.50;13.50;27.00;13.50;40.50;13.50;54.00;13.50;13.50;0.00;
207000;208800.00;13.75;13.75;27.50;13.75;41.25;13.75;55.00;13.75;13.75;0.00;
208800;210600.00;14.00;14.00;28.00;14.00;42.00;14.00;56.00;14.00;14.00;0.00;
210600;212400.00;14.25;14.25;28.50;14.25;42.75;14.25;57.00;14.25;14.25;0.00;
212400;214200.00;14.50;14.50;29.00;14.50;43.50;14.50;58.00;14.50;14.50;0.00;
214200;216000.00;14.75;14.75;29.50;14.75;44.25;14.75;59.00;14.75;14.75;0.00;
216000;217800.00;15.00;15.00;30.00;15.00;45.00;15.00;60.00;15.00;15.00;0.00;
217800;219600.00;15.50;15.50;30.50;15.50;44.50;15.50;59.50;15.50;15.50;0.00;
219600;221400.00;16.00;16.00;31.00;16.00;44.00;16.00;59.00;16.00;16.00;0.00;
221400;223200.00;16.50;16.50;31.50;16.50;43.50;16.50;58.50;16.50;16.50;0.00;
223200;225000.00;17.00;17.00;32.00;17.00;43.00;17.00;58.00;17.00;17.00;0.00;
225000;226800.00;17.50;17.50;32.50;17.50;42.50;17.50;57.50;17.50;17.50;0.00;
226800;228600.00;18.00;18.00;33.00;18.00;42.00;18.00;57.00;18.00;18.00;0.00;
228600;230400.00;18.50;18.50;33.50;18.50;41.50;18.50;56.50;18.50;18.50;0.00;
230400;232200.00;19.00;19.00;34.00;19.00;41.00;19.00;56.00;19.00;19.00;0.00;
232200;234000.00;19.50;19.50;34.50;19.50;40.50;19.50;55.50;19.50;19.50;0.00;
234000;235800.00;20.00;20.00;35.00;20.00;40.00;20.00;55.00;20.00;20.00;0.00;
235800;237600.00;20.50;20.50;35.50;20.50;39.50;20.50;54.50;20.50;20.50;0.00;
237600;239400.00;21.00;21.00;36.00;21.00;39.00;21.00;54.00;21.00;21.00;0.00;
239400;241200.00;21.50;21.50;36.50;21.50;38.50;21.50;53.50;21.50;21.50;0.00;
241200;243000.00;22.00;22.00;37.00;22.00;38.00;22.00;53.00;22.00;22.00;0.00;
243000;244800.00;22.50;22.50;37.50;22.50;37.50;22.50;52.50;22.50;22.50;0.00;
244800;246600.00;23.00;23.00;38.00;23.00;37.00;23.00;52.00;23.00;23.00;0.00;
246600;248400.00;23.50;23.50;38.50;23.50;36.50;23.50;51.50;23.50;23.50;0.00;
248400;250200.00;24.00;24.00;39.00;24.00;36.00;24.00;51.00;24.00;24.00;0.00;
250200;252000.00;24.50;24.50;39.50;24.50;35.50;24.50;50.50;24.50;24.50;0.00;
252000;253800.00;25.00;25.00;40.00;25.00;35.00;25.00;50.00;25.00;25.00;0.00;
253800;255600.00;25.50;25.50;40.50;25.50;34.50;25.50;49.50;25.50;25.50;0.00;
255600;257400.00;26.00;26.00;41.00;26.00;34.00;26.00;49.00;26.00;26.00;0.00;
257400;259200.00;26.50;26.50;41.50;26.50;33.50;26.50;48.50;26.50;26.50;0.00;
259200;261000.00;27.00;27.00;42.00;27.00;33.00;27.00;48.00;27.00;27.00;0.00;
261000;262800.00;27.50;27.50;42.50;27.50;32.50;27.50;47.50;27.50;27.50;0.00;
262800;264600.00;28.00;28.00;43.00;28.00;32.00;28.00;47.00;28.00;28.00;0.00;
264600;266400.00;28.50;28.50;43.50;28.50;31.50;28.50;46.50;28.50;28.50;0.00;
266400;268200.00;29.00;29.00;44.00;29.00;31.00;29.00;46.00;29.00;29.00;0.00;
268200;270000.00;29.50;29.50;44.50;29.50;30.50;29.50;45.50;29.50;29.50;0.00;
270000;271800.00;30.00;30.00;45.00;30.00;30.00;30.00;45.00;30.00;30.00;0.00;
271800;273600.00;30.50;30.50;45.50;30.50;29.50;30.50;44.50;30.50;30.50;0.00;
273600;275400.00;31.00;31.00;46.00;31.00;29.00;31.00;44.00;31.00;31.00;0.00;
275400;277200.00;31.50;31.50;46.50;31.50;28.50;31.50;43.50;31.50;31.50;0.00;
277200;279000.00;32.00;32.00;47.00;32.00;28.00;32.00;43.00;32.00;32.00;0.00;
279000;280800.00;32.50;32.50;47.50;32.50;27.50;32.50;42.50;32.50;32.50;0.00;
280800;282600.00;33.00;33.00;48.00;33.00;27.00;33.00;42.00;33.00;33.00;0.00;
282600;284400.00;33.50;33.50;48.50;33.50;26.50;33.50;41.50;33.50;33.50;0.00;
284400;286200.00;34.00;34.00;49.00;34.00;26.00;34.00;41.00;34.00;34.00;0.00;
286200;288000.00;34.50;34.50;49.50;34.50;25.50;34.50;40.50;34.50;34.50;0.00;
288000;289800.00;35.00;35.00;50.00;35.00;25.00;35.00;40.00;35.00;35.00;0.00;
289800;291600.00;35.50;35.50;50.50;35.50;24.50;35.50;39.50;35.50;35.50;0.00;
291600;293400.00;36.00;36.00;51.00;36.00;24.00;36.00;39.00;36.00;36.00;0.00;
293400;295200.00;36.50;36.50;51.50;36.50;23.50;36.50;38.50;36.50;36.50;0.00;
295200;297000.00;37.00;37.00;52.00;37.00;23.00;37.00;38.00;37.00;37.00;0.00;
297000;298800.00;37.50;37.50;52.50;37.50;22.50;37.50;37.50;37.50;37.50;0.00;
298800;300600.00;38.00;38.00;53.00;38.00;22.00;38.00;37.00;38.00;38.00;0.10;
300600;302400.00;38.50;38.50;53.50;38.50;21.50;38.50;36.50;38.50;38.50;0.20;
302400;304200.00;39.00;39.00;54.00;39.00;21.00;39.00;36.00;39.00;39.00;0.30;
304200;306000.00;39.50;39.50;54.50;39.50;20.50;39.50;35.50;39.50;39.50;0.40;
306000;307800.00;40.00;40.00;55.00;40.00;20.00;40.00;35.00;40.00;40.00;0.50;
307800;309600.00;40.50;40.50;55.50;40.50;19.50;40.50;34.50;40.50;40.50;0.60;
309600;311400.00;41.00;41.00;56.00;41.00;19.00;41.00;34.00;41.00;41.00;0.70;
311400;313200.00;41.50;41.50;56.50;41.50;18.50;41.50;33.50;41.50;41.50;0.80;
313200;315000.00;42.00;42.00;57.00;42.00;18.00;42.00;33.00;42.00;42.00;0.90;
315000;316800.00;42.50;42.50;57.50;42.50;17.50;42.50;32.50;42.50;42.50;1.00;
316800;318600.00;43.00;43.00;58.00;43.00;17.00;43.00;32.00;43.00;43.00;1.10;
318600;320400.00;43.50;43.50;58.50;43.50;16.50;43.50;31.50;43.50;43.50;1.20;
320400;322200.00;44.00;44.00;59.00;44.00;16.00;44.00;31.00;44.00;44.00;1.30;
322200;324000.00;44.50;44.50;59.50;44.50;15.50;44.50;30.50;44.50;44.50;1.40;
324000;325800.00;45.00;45.00;60.00;45.00;15.00;45.00;30.00;45.00;45.00;1.50;
325800;327600.00;44.75;44.75;59.75;44.75;15.75;44.75;29.75;44.75;44.75;1.40;
327600;329400.00;44.50;44.50;59.50;44.50;16.50;44.50;29.50;44.50;44.50;1.30;
329400;331200.00;44.25;44.25;59.25;44.25;17.25;44.25;29.25;44.25;44.25;1.20;
331200;333000.00;44.00;44.00;59.00;44.00;18.00;44.00;29.00;44.00;44.00;1.10;
333000;334800.00;43.75;43.75;58.75;43.75;18.75;43.75;28.75;43.75;43.75;1.00;
334800;336600.00;43.50;43.50;58.50;43.50;19.50;43.50;28.50;43.50;43.50;0.90;
336600;338400.00;43.25;43.25;58.25;43.25;20.25;43.25;28.25;43.25;43.25;0.80;
338400;340200.00;43.00;43.00;58.00;43.00;21.00;43.00;28.00;43.00;43.00;0.70;
340200;342000.00;42.75;42.75;57.75;42.75;21.75;42.75;27.75;42.75;42.75;0.60;
342000;343800.00;42.50;42.50;57.50;42.50;22.50;42.50;27.50;42.50;42.50;0.50;
343800;345600.00;42.25;42.25;57.25;42.25;23.25;42.25;27.25;42.25;42.25;0.40;
345600;347400.00;42.00;42.00;57.00;42.00;24.00;42.00;27.00;42.00;42.00;0.30;
347400;349200.00;41.75;41.75;56.75;41.75;24.75;41.75;26.75;41.75;41.75;0.20;
349200;351000.00;41.50;41.50;56.50;41.50;25.50;41.50;26.50;41.50;41.50;0.10;
351000;352800.00;41.25;41.25;56.25;41.25;26.25;41.25;26.25;41.25;41.25;0.00;
352800;354600.00;41.00;41.00;56.00;41.00;27.00;41.00;26.00;41.00;41.00;0.00;
354600;356400.00;40.75;40.75;55.75;40.75;27.75;40.75;25.75;40.75;40.75;0.00;
356400;358200.00;40.50;40.50;55.50;40.50;28.50;40.50;25.50;40.50;40.50;0.00;
358200;360000.00;40.25;40.25;55.25;40.25;29.25;40.25;25.25;40.25;40.25;0.00;
360000;361800.00;40.00;40.00;55.00;40.00;30.00;40.00;25.00;40.00;40.00;0.00;
361800;363600.00;39.75;39.75;54.75;39.75;30.75;39.75;24.75;39.75;39.75;0.00;
363600;365400.00;39.50;39.50;54.50;39.50;31.50;39.50;24.50;39.50;39.50;0.00;
365400;367200.00;39.25;39.25;54.25;39.25;32.25;39.25;24.25;39.25;39.25;0.00;
367200;369000.00;39.00;39.00;54.00;39.00;33.00;39.00;24.00;39.00;39.00;0.00;
369000;370800.00;38.75;38.75;53.75;38.75;33.75;38.75;23.75;38.75;38.75;0.00;
370800;372600.00;38.50;38.50;53.50;38.50;34.50;38.50;23.50;38.50;38.50;0.00;
372600;374400.00;38.25;38.25;53.25;38.25;35.25;38.25;23.25;38.25;38.25;0.00;
374400;376200.00;38.00;38.00;53.00;38.00;36.00;38.00;23.00;38.00;38.00;0.00;
376200;378000.00;37.75;37.75;52.75;37.75;36.75;37.75;22.75;37.75;37.75;0.00;
378000;379800.00;37.50;37.50;52.50;37.50;37.50;37.50;22.50;37.50;37.50;0.00;
379800;381600.00;37.25;37.25;52.25;37.25;38.25;37.25;22.25;37.25;37.25;0.00;
381600;383400.00;37.00;37.00;52.00;37.00;39.00;37.00;22.00;37.00;37.00;0.00;
383400;385200.00;36.75;36.75;51.75;36.75;39.75;36.75;21.75;36.75;36.75;0.00;
385200;387000.00;36.50;36.50;51.50;36.50;40.50;36.50;21.50;36.50;36.50;0.00;
387000;388800.00;36.25;36.25;51.25;36.25;41.25;36.25;21.25;36.25;36.25;0.00;
388800;390600.00;36.00;36.00;51.00;36.00;42.00;36.00;21.00;36.00;36.00;0.00;
390600;392400.00;35.75;35.75;50.75;35.75;42.75;35.75;20.75;35.75;35.75;0.00;
392400;394200.00;35.50;35.50;50.50;35.50;43.50;35.50;20.50;35.50;35.50;0.00;
394200;396000.00;35.25;35.25;50.25;35.25;44.25;35.25;20.25;35.25;35.25;0.00;
396000;397800.00;35.00;35.00;50.00;35.00;45.00;35.00;20.00;35.00;35.00;0.00;
397800;399600.00;34.75;34.75;49.75;34.75;45.75;34.75;19.75;34.75;34.75;0.00;
399600;401400.00;34.50;34.50;49.50;34.50;46.50;34.50;19.50;34.50;34.50;0.00;
401400;403200.00;34.25;34.25;49.25;34.25;47.25;34.25;19.25;34.25;34.25;0.00;
403200;405000.00;34.00;34.00;49.00;34.00;48.00;34.00;19.00;34.00;34.00;0.00;
405000;406800.00;33.75;33.75;48.75;33.75;48.75;33.75;18.75;33.75;33.75;0.00;
406800;408600.00;33.50;33.50;48.50;33.50;49.50;33.50;18.50;33.50;33.50;0.10;
408600;410400.00;33.25;33.25;48.25;33.25;50.25;33.25;18.25;33.25;33.25;0.20;
410400;412200.00;33.00;33.00;48.00;33.00;51.00;33.00;18.00;33.00;33.00;0.30;
412200;414000.00;32.75;32.75;47.75;32.75;51.75;32.75;17.75;32.75;32.75;0.40;
414000;415800.00;32.50;32.50;47.50;32.50;52.50;32.50;17.50;32.50;32.50;0.50;
415800;417600.00;32.25;32.25;47.25;32.25;53.25;32.25;17.25;32.25;32.25;0.60;
417600;419400.00;32.00;32.00;47.00;32.00;54.00;32.00;17.00;32.00;32.00;0.70;
419400;421200.00;31.75;31.75;46.75;31.75;54.75;31.75;16.75;31.75;31.75;0.80;
421200;423000.00;31.50;31.50;46.50;31.50;55.50;31.50;16.50;31.50;31.50;0.90;
423000;424800.00;31.25;31.25;46.25;31.25;56.25;31.25;16.25;31.25;31.25;1.00;
424800;426600.00;31.00;31.00;46.00;31.00;57.00;31.00;16.00;31.00;31.00;1.10;
426600;428400.00;30.75;30.75;45.75;30.75;57.75;30.75;15.75;30.75;30.75;1.20;
428400;430200.00;30.50;30.50;45.50;30.50;58.50;30.50;15.50;30.50;30.50;1.30;
430200;432000.00;30.25;30.25;45.25;30.25;59.25;30.25;15.25;30.25;30.25;1.40;
432000;433800.00;30.00;30.00;45.00;30.00;60.00;30.00;15.00;30.00;30.00;1.50;
433800;435600.00;29.50;29.50;44.25;29.50;59.00;29.50;14.75;29.50;29.50;1.40;
435600;437400.00;29.00;29.00;43.50;29.00;58.00;29.00;14.50;29.00;29.00;1.30;
437400;439200.00;28.50;28.50;42.75;28.50;57.00;28.50;14.25;28.50;28.50;1.20;
439200;441000.00;28.00;28.00;42.00;28.00;56.00;28.00;14.00;28.00;28.00;1.10;
441000;442800.00;27.50;27.50;41.25;27.50;55.00;27.50;13.75;27.50;27.50;1.00;
442800;444600.00;27.00;27.00;40.50;27.00;54.00;27.00;13.50;27.00;27.00;0.90;
444600;446400.00;26.50;26.50;39.75;26.50;53.00;26.50;13.25;26.50;26.50;0.80;
446400;448200.00;26.00;26.00;39.00;26.00;52.00;26.00;13.00;26.00;26.00;0.70;
448200;450000.00;25.50;25.50;38.25;25.50;51.00;25.50;12.75;25.50;25.50;0.60;
450000;451800.00;25.00;25.00;37.50;25.00;50.00;25.00;12.50;25.00;25.00;0.50;
451800;453600.00;24.50;24.50;36.75;24.50;49.00;24.50;12.25;24.50;24.50;0.40;
453600;455400.00;24.00;24.00;36.00;24.00;48.00;24.00;12.00;24.00;24.00;0.30;
455400;457200.00;23.50;23.50;35.25;23.50;47.00;23.50;11.75;23.50;23.50;0.20;
457200;459000.00;23.00;23.00;34.50;23.00;46.00;23.00;11.50;23.00;23.00;0.10;
459000;460800.00;22.50;22.50;33.75;22.50;45.00;22.50;11.25;22.50;22.50;0.00;
460800;462600.00;22.00;22.00;33.00;22.00;44.00;22.00;11.00;22.00;22.00;0.00;
462600;464400.00;21.50;21.50;32.25;21.50;43.00;21.50;10.75;21.50;21.50;0.00;
464400;466200.00;21.00;21.00;31.50;21.00;42.00;21.00;10.50;21.00;21.00;0.00;
466200;468000.00;20.50;20.50;30.75;20.50;41.00;20.50;10.25;20.50;20.50;0.00;
468000;469800.00;20.00;20.00;30.00;20.00;40.00;20.00;10.00;20.00;20.00;0.00;
469800;471600.00;19.50;19.50;29.25;19.50;39.00;19.50;9.75;19.50;19.50;0.10;
471600;473400.00;19.00;19.00;28.50;19.00;38.00;19.00;9.50;19.00;19.00;0.20;
473400;475200.00;18.50;18.50;27.75;18.50;37.00;18.50;9.25;18.50;18.50;0.30;
475200;477000.00;18.00;18.00;27.00;18.00;36.00;18.00;9.00;18.00;18.00;0.40;
477000;478800.00;17.50;17.50;26.25;17.50;35.00;17.50;8.75;17.50;17.50;0.50;
478800;480600.00;17.00;17.00;25.50;17.00;34.00;17.00;8.50;17.00;17.00;0.60;
480600;482400.00;16.50;16.50;24.75;16.50;33.00;16.50;8.25;16.50;16.50;0.70;
482400;484200.00;16.00;16.00;24.00;16.00;32.00;16.00;8.00;16.00;16.00;0.80;
484200;486000.00;15.50;15.50;23.25;15.50;31.00;15.50;7.75;15.50;15.50;0.90;
486000;487800.00;15.00;15.00;22.50;15.00;30.00;15.00;7.50;15.00;15.00;1.00;
487800;489600.00;14.50;14.50;21.75;14.50;29.00;14.50;7.25;14.50;14.50;0.90;
489600;491400.00;14.00;14.00;21.00;14.00;28.00;14.00;7.00;14.00;14.00;0.80;
491400;493200.00;13.50;13.50;20.25;13.50;27.00;13.50;6.75;13.50;13.50;0.70;
493200;495000.00;13.00;13.00;19.50;13.00;26.00;13.00;6.50;13.00;13.00;0.60;
495000;496800.00;12.50;12.50;18.75;12.50;25.00;12.50;6.25;12.50;12.50;0.50;
496800;498600.00;12.00;12.00;18.00;12.00;24.00;12.00;6.00;12.00;12.00;0.40;
498600;500400.00;11.50;11.50;17.25;11.50;23.00;11.50;5.75;11.50;11.50;0.30;
500400;502200.00;11.00;11.00;16.50;11.00;22.00;11.00;5.50;11.00;11.00;0.20;
502200;504000.00;10.50;10.50;15.75;10.50;21.00;10.50;5.25;10.50;10.50;0.10;
504000;505800.00;10.00;10.00;15.00;10.00;20.00;10.00;5.00;10.00;10.00;0.00;
505800;507600.00;9.50;9.50;14.25;9.50;19.00;9.50;4.75;9.50;9.50;0.00;
507600;509400.00;9.00;9.00;13.50;9.00;18.00;9.00;4.50;9.00;9.00;0.00;
509400;511200.00;8.50;8.50;12.75;8.50;17.00;8.50;4.25;8.50;8.50;0.00;
511200;513000.00;8.00;8.00;12.00;8.00;16.00;8.00;4.00;8.00;8.00;0.00;
513000;514800.00;7.50;7.50;11.25;7.50;15.00;7.50;3.75;7.50;7.50;0.00;
514800;516600.00;7.00;7.00;10.50;7.00;14.00;7.00;3.50;7.00;7.00;0.00;
516600;518400.00;6.50;6.50;9.75;6.50;13.00;6.50;3.25;6.50;6.50;0.00;
518400;520200.00;6.00;6.00;9.00;6.00;12.00;6.00;3.00;6.00;6.00;0.00;
520200;522000.00;5.50;5.50;8.25;5.50;11.00;5.50;2.75;5.50;5.50;0.00;
522000;523800.00;5.00;5.00;7.50;5.00;10.00;5.00;2.50;5.00;5.00;0.00;
523800;525600.00;4.50;4.50;6.75;4.50;9.00;4.50;2.25;4.50;4.50;0.00;
525600;527400.00;4.00;4.00;6.00;4.00;8.00;4.00;2.00;4.00;4.00;0.00;
527400;529200.00;3.50;3.50;5.25;3.50;7.00;3.50;1.75;3.50;3.50;0.00;
529200;531000.00;3.00;3.00;4.50;3.00;6.00;3.00;1.50;3.00;3.00;0.00;
531000;532800.00;2.50;2.50;3.75;2.50;5.00;2.50;1.25;2.50;2.50;0.00;
532800;534600.00;2.00;2.00;3.00;2.00;4.00;2.00;1.00;2.00;2.00;0.00;
534600;536400.00;1.50;1.50;2.25;1.50;3.00;1.50;0.75;1.50;1.50;0.00;
536400;538200.00;1.00;1.00;1.50;1.00;2.00;1.00;0.50;1.00;1.00;0.00;
538200;540000.00;0.50;0.50;0.75;0.50;1.00;0.50;0.25;0.50;0.50;0.00;
540000;541800.00;0.00;0.00;0.00;0.00;0.00;0.00;0.00;0.00;0.00;0.00;
541800;543600.00;1.00;1.00;0.25;1.00;0.50;1.00;0.75;1.00;1.00;0.00;
543600;545400.00;2.00;2.00;0.50;2.00;1.00;2.00;1.50;2.00;2.00;0.00;
545400;547200.00;3.00;3.00;0.75;3.00;1.50;3.00;2.25;3.00;3.00;0.00;
547200;549000.00;4.00;4.00;1.00;4.00;2.00;4.00;3.00;4.00;4.00;0.00;
549000;550800.00;5.00;5.00;1.25;5.00;2.50;5.00;3.75;5.00;5.00;0.00;
550800;552600.00;6.00;6.00;1.50;6.00;3.00;6.00;4.50;6.00;6.00;0.10;
552600;554400.00;7.00;7.00;1.75;7.00;3.50;7.00;5.25;7.00;7.00;0.20;
554400;556200.00;8.00;8.00;2.00;8.00;4.00;8.00;6.00;8.00;8.00;0.30;
556200;558000.00;9.00;9.00;2.25;9.00;4.50;9.00;6.75;9.00;9.00;0.40;
558000;559800.00;10.00;10.00;2.50;10.00;5.00;10.00;7.50;10.00;10.00;0.50;
559800;561600.00;11.00;11.00;2.75;11.00;5.50;11.00;8.25;11.00;11.00;0.60;
561600;563400.00;12.00;12.00;3.00;12.00;6.00;12.00;9.00;12.00;12.00;0.70;
563400;565200.00;13.00;13.00;3.25;13.00;6.50;13.00;9.75;13.00;13.00;0.80;
565200;567000.00;14.00;14.00;3.50;14.00;7.00;14.00;10.50;14.00;14.00;0.90;
567000;568800.00;15.00;15.00;3.75;15.00;7.50;15.00;11.25;15.00;15.00;1.00;
568800;570600.00;16.00;16.00;4.00;16.00;8.00;16.00;12.00;16.00;16.00;1.10;
570600;572400.00;17.00;17.00;4.25;17.00;8.50;17.00;12.75;17.00;17.00;1.20;
572400;574200.00;18.00;18.00;4.50;18.00;9.00;18.00;13.50;18.00;18.00;1.30;
574200;576000.00;19.00;19.00;4.75;19.00;9.50;19.00;14.25;19.00;19.00;1.40;
576000;577800.00;20.00;20.00;5.00;20.00;10.00;20.00;15.00;20.00;20.00;1.50;
577800;579600.00;21.00;21.00;5.25;21.00;10.50;21.00;15.75;21.00;21.00;1.40;
579600;581400.00;22.00;22.00;5.50;22.00;11.00;22.00;16.50;22.00;22.00;1.30;
581400;583200.00;23.00;23.00;5.75;23.00;11.50;23.00;17.25;23.00;23.00;1.20;
583200;585000.00;24.00;24.00;6.00;24.00;12.00;24.00;18.00;24.00;24.00;1.10;
585000;586800.00;25.00;25.00;6.25;25.00;12.50;25.00;18.75;25.00;25.00;1.00;
586800;588600.00;26.00;26.00;6.50;26.00;13.00;26.00;19.50;26.00;26.00;0.90;
588600;590400.00;27.00;27.00;6.75;27.00;13.50;27.00;20.25;27.00;27.00;0.80;
590400;592200.00;28.00;28.00;7.00;28.00;14.00;28.00;21.00;28.00;28.00;0.70;
592200;594000.00;29.00;29.00;7.25;29.00;14.50;29.00;21.75;29.00;29.00;0.60;
594000;595800.00;30.00;30.00;7.50;30.00;15.00;30.00;22.50;30.00;30.00;0.50;
595800;597600.00;31.00;31.00;7.75;31.00;15.50;31.00;23.25;31.00;31.00;0.40;
597600;599400.00;32.00;32.00;8.00;32.00;16.00;32.00;24.00;32.00;32.00;0.30;
599400;601200.00;33.00;33.00;8.25;33.00;16.50;33.00;24.75;33.00;33.00;0.20;
601200;603000.00;34.00;34.00;8.50;34.00;17.00;34.00;25.50;34.00;34.00;0.10;
603000;604800.00;35.00;35.00;8.75;35.00;17.50;35.00;26.25;35.00;35.00;0.00;
604800;606600.00;36.00;36.00;9.00;36.00;18.00;36.00;27.00;36.00;36.00;0.00;
606600;608400.00;37.00;37.00;9.25;37.00;18.50;37.00;27.75;37.00;37.00;0.00;
608400;610200.00;38.00;38.00;9.50;38.00;19.00;38.00;28.50;38.00;38.00;0.00;
610200;612000.00;39.00;39.00;9.75;39.00;19.50;39.00;29.25;39.00;39.00;0.00;
612000;613800.00;40.00;40.00;10.00;40.00;20.00;40.00;30.00;40.00;40.00;0.00;
613800;615600.00;41.00;41.00;10.25;41.00;20.50;41.00;30.75;41.00;41.00;0.00;
615600;617400.00;42.00;42.00;10.50;42.00;21.00;42.00;31.50;42.00;42.00;0.00;
617400;619200.00;43.00;43.00;10.75;43.00;21.50;43.00;32.25;43.00;43.00;0.00;
619200;621000.00;44.00;44.00;11.00;44.00;22.00;44.00;33.00;44.00;44.00;0.00;
621000;622800.00;45.00;45.00;11.25;45.00;22.50;45.00;33.75;45.00;45.00;0.00;
622800;624600.00;46.00;46.00;11.50;46.00;23.00;46.00;34.50;46.00;46.00;0.00;
624600;626400.00;47.00;47.00;11.75;47.00;23.50;47.00;35.25;47.00;47.00;0.00;
626400;628200.00;48.00;48.00;12.00;48.00;24.00;48.00;36.00;48.00;48.00;0.00;
628200;630000.00;49.00;49.00;12.25;49.00;24.50;49.00;36.75;49.00;49.00;0.00;
630000;631800.00;50.00;50.00;12.50;50.00;25.00;50.00;37.50;50.00;50.00;0.00;
631800;633600.00;51.00;51.00;12.75;51.00;25.50;51.00;38.25;51.00;51.00;0.00;
633600;635400.00;52.00;52.00;13.00;52.00;26.00;52.00;39.00;52.00;52.00;0.00;
635400;637200.00;53.00;53.00;13.25;53.00;26.50;53.00;39.75;53.00;53.00;0.00;
637200;639000.00;54.00;54.00;13.50;54.00;27.00;54.00;40.50;54.00;54.00;0.00;
639000;640800.00;55.00;55.00;13.75;55.00;27.50;55.00;41.25;55.00;55.00;0.00;
640800;642600.00;56.00;56.00;14.00;56.00;28.00;56.00;42.00;56.00;56.00;0.00;
642600;644400.00;57.00;57.00;14.25;57.00;28.50;57.00;42.75;57.00;57.00;0.00;
644400;646200.00;58.00;58.00;14.50;58.00;29.00;58.00;43.50;58.00;58.00;0.00;
646200;648000.00;59.00;59.00;14.75;59.00;29.50;59.00;44.25;59.00;59.00;0.00;
648000;649800.00;60.00;60.00;15.00;60.00;30.00;60.00;45.00;60.00;60.00;0.00;
649800;651600.00;59.75;59.75;15.75;59.75;29.75;59.75;44.75;59.75;59.75;0.00;
651600;653400.00;59.50;59.50;16.50;59.50;29.50;59.50;44.50;59.50;59.50;0.00;
653400;655200.00;59.25;59.25;17.25;59.25;29.25;59.25;44.25;59.25;59.25;0.00;
655200;657000.00;59.00;59.00;18.00;59.00;29.00;59.00;44.00;59.00;59.00;0.00;
657000;658800.00;58.75;58.75;18.75;58.75;28.75;58.75;43.75;58.75;58.75;0.00;
658800;660600.00;58.50;58.50;19.50;58.50;28.50;58.50;43.50;58.50;58.50;0.00;
660600;662400.00;58.25;58.25;20.25;58.25;28.25;58.25;43.25;58.25;58.25;0.00;
662400;664200.00;58.00;58.00;21.00;58.00;28.00;58.00;43.00;58.00;58.00;0.00;
664200;666000.00;57.75;57.75;21.75;57.75;27.75;57.75;42.75;57.75;57.75;0.00;
666000;667800.00;57.50;57.50;22.50;57.50;27.50;57.50;42.50;57.50;57.50;0.00;
667800;669600.00;57.25;57.25;23.25;57.25;27.25;57.25;42.25;57.25;57.25;0.00;
669600;671400.00;57.00;57.00;24.00;57.00;27.00;57.00;42.00;57.00;57.00;0.00;
671400;673200.00;56.75;56.75;24.75;56.75;26.75;56.75;41.75;56.75;56.75;0.00;
673200;675000.00;56.50;56.50;25.50;56.50;26.50;56.50;41.50;56.50;56.50;0.00;
675000;676800.00;56.25;56.25;26.25;56.25;26.25;56.25;41.25;56.25;56.25;0.00;
676800;678600.00;56.00;56.00;27.00;56.00;26.00;56.00;41.00;56.00;56.00;0.00;
678600;680400.00;55.75;55.75;27.75;55.75;25.75;55.75;40.75;55.75;55.75;0.00;
680400;682200.00;55.50;55.50;28.50;55.50;25.50;55.50;40.50;55.50;55.50;0.00;
682200;684000.00;55.25;55.25;29.25;55.25;25.25;55.25;40.25;55.25;55.25;0.00;
684000;685800.00;55.00;55.00;30.00;55.00;25.00;55.00;40.00;55.00;55.00;0.00;
685800;687600.00;54.75;54.75;30.75;54.75;24.75;54.75;39.75;54.75;54.75;0.00;
687600;689400.00;54.50;54.50;31.50;54.50;24.50;54.50;39.50;54.50;54.50;0.00;
689400;691200.00;54.25;54.25;32.25;54.25;24.25;54.25;39.25;54.25;54.25;0.00;
691200;693000.00;54.00;54.00;33.00;54.00;24.00;54.00;39.00;54.00;54.00;0.00;
693000;694800.00;53.75;53.75;33.75;53.75;23.75;53.75;38.75;53.75;53.75;0.00;
694800;696600.00;53.50;53.50;34.50;53.50;23.50;53.50;38.50;53.50;53.50;0.00;
696600;698400.00;53.25;53.25;35.25;53.25;23.25;53.25;38.25;53.25;53.25;0.00;
698400;700200.00;53.00;53.00;36.00;53.00;23.00;53.00;38.00;53.00;53.00;0.00;
700200;702000.00;52.75;52.75;36.75;52.75;22.75;52.75;37.75;52.75;52.75;0.00;
702000;703800.00;52.50;52.50;37.50;52.50;22.50;52.50;37.50;52.50;52.50;0.00;
703800;705600.00;52.25;52.25;38.25;52.25;22.25;52.25;37.25;52.25;52.25;0.00;
705600;707400.00;52.00;52.00;39.00;52.00;22.00;52.00;37.00;52.00;52.00;0.00;
707400;709200.00;51.75;51.75;39.75;51.75;21.75;51.75;36.75;51.75;51.75;0.00;
709200;711000.00;51.50;51.50;40.50;51.50;21.50;51.50;36.50;51.50;51.50;0.00;
711000;712800.00;51.25;51.25;41.25;51.25;21.25;51.25;36.25;51.25;51.25;0.00;
712800;714600.00;51.00;51.00;42.00;51.00;21.00;51.00;36.00;51.00;51.00;0.00;
714600;716400.00;50.75;50.75;42.75;50.75;20.75;50.75;35.75;50.75;50.75;0.00;
716400;718200.00;50.50;50.50;43.50;50.50;20.50;50.50;35.50;50.50;50.50;0.00;
718200;720000.00;50.25;50.25;44.25;50.25;20.25;50.25;35.25;50.25;50.25;0.00;
720000;721800.00;50.00;50.00;45.00;50.00;20.00;50.00;35.00;50.00;50.00;0.00;
721800;723600.00;49.75;49.75;45.75;49.75;19.75;49.75;34.75;49.75;49.75;0.00;
723600;725400.00;49.50;49.50;46.50;49.50;19.50;49.50;34.50;49.50;49.50;0.00;
725400;727200.00;49.25;49.25;47.25;49.25;19.25;49.25;34.25;49.25;49.25;0.00;
727200;729000.00;49.00;49.00;48.00;49.00;19.00;49.00;34.00;49.00;49.00;0.00;
729000;730800.00;48.75;48.75;48.75;48.75;18.75;48.75;33.75;48.75;48.75;0.00;
730800;732600.00;48.50;48.50;49.50;48.50;18.50;48.50;33.50;48.50;48.50;0.00;
732600;734400.00;48.25;48.25;50.25;48.25;18.25;48.25;33.25;48.25;48.25;0.00;
734400;736200.00;48.00;48.00;51.00;48.00;18.00;48.00;33.00;48.00;48.00;0.00;
736200;738000.00;47.75;47.75;51.75;47.75;17.75;47.75;32.75;47.75;47.75;0.00;
738000;739800.00;47.50;47.50;52.50;47.50;17.50;47.50;32.50;47.50;47.50;0.00;
739800;741600.00;47.25;47.25;53.25;47.25;17.25;47.25;32.25;47.25;47.25;0.00;
741600;743400.00;47.00;47.00;54.00;47.00;17.00;47.00;32.00;47.00;47.00;0.00;
743400;745200.00;46.75;46.75;54.75;46.75;16.75;46.75;31.75;46.75;46.75;0.00;
745200;747000.00;46.50;46.50;55.50;46.50;16.50;46.50;31.50;46.50;46.50;0.00;
747000;748800.00;46.25;46.25;56.25;46.25;16.25;46.25;31.25;46.25;46.25;0.00;
748800;750600.00;46.00;46.00;57.00;46.00;16.00;46.00;31.00;46.00;46.00;0.00;
750600;752400.00;45.75;45.75;57.75;45.75;15.75;45.75;30.75;45.75;45.75;0.00;
752400;754200.00;45.50;45.50;58.50;45.50;15.50;45.50;30.50;45.50;45.50;0.00;
754200;756000.00;45.25;45.25;59.25;45.25;15.25;45.25;30.25;45.25;45.25;0.00;
756000;757800.00;45.00;45.00;60.00;45.00;15.00;45.00;30.00;45.00;45.00;0.00;
757800;759600.00;44.75;44.75;59.75;44.75;15.75;44.75;29.75;44.75;44.75;0.00;
759600;761400.00;44.50;44.50;59.50;44.50;16.50;44.50;29.50;44.50;44.50;0.00;
761400;763200.00;44.25;44.25;59.25;44.25;17.25;44.25;29.25;44.25;44.25;0.00;
763200;765000.00;44.00;44.00;59.00;44.00;18.00;44.00;29.00;44.00;44.00;0.00;
765000;766800.00;43.75;43.75;58.75;43.75;18.75;43.75;28.75;43.75;43.75;0.00;
766800;768600.00;43.50;43.50;58.50;43.50;19.50;43.50;28.50;43.50;43.50;0.00;
768600;770400.00;43.25;43.25;58.25;43.25;20.25;43.25;28.25;43.25;43.25;0.00;
770400;772200.00;43.00;43.00;58.00;43.00;21.00;43.00;28.00;43.00;43.00;0.00;
772200;774000.00;42.75;42.75;57.75;42.75;21.75;42.75;27.75;42.75;42.75;0.00;
774000;775800.00;42.50;42.50;57.50;42.50;22.50;42.50;27.50;42.50;42.50;0.00;
775800;777600.00;42.25;42.25;57.25;42.25;23.25;42.25;27.25;42.25;42.25;0.00;
777600;779400.00;42.00;42.00;57.00;42.00;24.00;42.00;27.00;42.00;42.00;0.00;
779400;781200.00;41.75;41.75;56.75;41.75;24.75;41.75;26.75;41.75;41.75;0.00;
781200;783000.00;41.50;41.50;56.50;41.50;25.50;41.50;26.50;41.50;41.50;0.00;
783000;784800.00;41.25;41.25;56.25;41.25;26.25;41.25;26.25;41.25;41.25;0.00;
784800;786600.00;41.00;41.00;56.00;41.00;27.00;41.00;26.00;41.00;41.00;0.00;
786600;788400.00;40.75;40.75;55.75;40.75;27.75;40.75;25.75;40.75;40.75;0.00;
788400;790200.00;40.50;40.50;55.50;40.50;28.50;40.50;25.50;40.50;40.50;0.00;
790200;792000.00;40.25;40.25;55.25;40.25;29.25;40.25;25.25;40.25;40.25;0.00;
792000;793800.00;40.00;40.00;55.00;40.00;30.00;40.00;25.00;40.00;40.00;0.00;
793800;795600.00;39.75;39.75;54.75;39.75;30.75;39.75;24.75;39.75;39.75;0.00;
795600;797400.00;39.50;39.50;54.50;39.50;31.50;39.50;24.50;39.50;39.50;0.00;
797400;799200.00;39.25;39.25;54.25;39.25;32.25;39.25;24.25;39.25;39.25;0.00;
799200;801000.00;39.00;39.00;54.00;39.00;33.00;39.00;24.00;39.00;39.00;0.00;
801000;802800.00;38.75;38.75;53.75;38.75;33.75;38.75;23.75;38.75;38.75;0.00;
802800;804600.00;38.50;38.50;53.50;38.50;34.50;38.50;23.50;38.50;38.50;0.00;
804600;806400.00;38.25;38.25;53.25;38.25;35.25;38.25;23.25;38.25;38.25;0.00;
806400;808200.00;38.00;38.00;53.00;38.00;36.00;38.00;23.00;38.00;38.00;0.00;
808200;810000.00;37.75;37.75;52.75;37.75;36.75;37.75;22.75;37.75;37.75;0.00;
810000;811800.00;37.50;37.50;52.50;37.50;37.50;37.50;22.50;37.50;37.50;0.00;
811800;813600.00;37.25;37.25;52.25;37.25;38.25;37.25;22.25;37.25;37.25;0.00;
813600;815400.00;37.00;37.00;52.00;37.00;39.00;37.00;22.00;37.00;37.00;0.00;
815400;817200.00;36.75;36.75;51.75;36.75;39.75;36.75;21.75;36.75;36.75;0.00;
817200;819000.00;36.50;36.50;51.50;36.50;40.50;36.50;21.50;36.50;36.50;0.00;
819000;820800.00;36.25;36.25;51.25;36.25;41.25;36.25;21.25;36.25;36.25;0.00;
820800;822600.00;36.00;36.00;51.00;36.00;42.00;36.00;21.00;36.00;36.00;0.00;
822600;824400.00;35.75;35.75;50.75;35.75;42.75;35.75;20.75;35.75;35.75;0.00;
824400;826200.00;35.50;35.50;50.50;35.50;43.50;35.50;20.50;35.50;35.50;0.00;
826200;828000.00;35.25;35.25;50.25;35.25;44.25;35.25;20.25;35.25;35.25;0.00;
828000;829800.00;35.00;35.00;50.00;35.00;45.00;35.00;20.00;35.00;35.00;0.00;
829800;831600.00;34.75;34.75;49.75;34.75;45.75;34.75;19.75;34.75;34.75;0.00;
831600;833400.00;34.50;34.50;49.50;34.50;46.50;34.50;19.50;34.50;34.50;0.00;
833400;835200.00;34.25;34.25;49.25;34.25;47.25;34.25;19.25;34.25;34.25;0.00;
835200;837000.00;34.00;34.00;49.00;34.00;48.00;34.00;19.00;34.00;34.00;0.00;
837000;838800.00;33.75;33.75;48.75;33.75;48.75;33.75;18.75;33.75;33.75;0.00;
838800;840600.00;33.50;33.50;48.50;33.50;49.50;33.50;18.50;33.50;33.50;0.00;
840600;842400.00;33.25;33.25;48.25;33.25;50.25;33.25;18.25;33.25;33.25;0.00;
842400;844200.00;33.00;33.00;48.00;33.00;51.00;33.00;18.00;33.00;33.00;0.00;
844200;846000.00;32.75;32.75;47.75;32.75;51.75;32.75;17.75;32.75;32.75;0.00;
846000;847800.00;32.50;32.50;47.50;32.50;52.50;32.50;17.50;32.50;32.50;0.00;
847800;849600.00;32.25;32.25;47.25;32.25;53.25;32.25;17.25;32.25;32.25;0.00;
849600;851400.00;32.00;32.00;47.00;32.00;54.00;32.00;17.00;32.00;32.00;0.00;
851400;853200.00;31.75;31.75;46.75;31.75;54.75;31.75;16.75;31.75;31.75;0.00;
853200;855000.00;31.50;31.50;46.50;31.50;55.50;31.50;16.50;31.50;31.50;0.00;
855000;856800.00;31.25;31.25;46.25;31.25;56.25;31.25;16.25;31.25;31.25;0.00;
856800;858600.00;31.00;31.00;46.00;31.00;57.00;31.00;16.00;31.00;31.00;0.00;
858600;860400.00;30.75;30.75;45.75;30.75;57.75;30.75;15.75;30.75;30.75;0.00;
860400;862200.00;30.50;30.50;45.50;30.50;58.50;30.50;15.50;30.50;30.50;0.00;
862200;864000.00;30.25;30.25;45.25;30.25;59.25;30.25;15.25;30.25;30.25;0.00;
864000;865800.00;30.00;30.00;45.00;30.00;60.00;30.00;15.00;30.00;30.00;0.00;
865800;867600.00;29.75;29.75;44.75;29.75;59.75;29.75;15.75;29.75;29.75;0.00;
867600;869400.00;29.50;29.50;44.50;29.50;59.50;29.50;16.50;29.50;29.50;0.00;
869400;871200.00;29.25;29.25;44.25;29.25;59.25;29.25;17.25;29.25;29.25;0.00;
871200;873000.00;29.00;29.00;44.00;29.00;59.00;29.00;18.00;29.00;29.00;0.00;
873000;874800.00;28.75;28.75;43.75;28.75;58.75;28.75;18.75;28.75;28.75;0.00;
874800;876600.00;28.50;28.50;43.50;28.50;58.50;28.50;19.50;28.50;28.50;0.00;
876600;878400.00;28.25;28.25;43.25;28.25;58.25;28.25;20.25;28.25;28.25;0.00;
878400;880200.00;28.00;28.00;43.00;28.00;58.00;28.00;21.00;28.00;28.00;0.00;
880200;882000.00;27.75;27.75;42.75;27.75;57.75;27.75;21.75;27.75;27.75;0.00;
882000;883800.00;27.50;27.50;42.50;27.50;57.50;27.50;22.50;27.50;27.50;0.00;
883800;885600.00;27.25;27.25;42.25;27.25;57.25;27.25;23.25;27.25;27.25;0.00;
885600;887400.00;27.00;27.00;42.00;27.00;57.00;27.00;24.00;27.00;27.00;0.00;
887400;889200.00;26.75;26.75;41.75;26.75;56.75;26.75;24.75;26.75;26.75;0.00;
889200;891000.00;26.50;26.50;41.50;26.50;56.50;26.50;25.50;26.50;26.50;0.00;
891000;892800.00;26.25;26.25;41.25;26.25;56.25;26.25;26.25;26.25;26.25;0.00;
892800;894600.00;26.00;26.00;41.00;26.00;56.00;26.00;27.00;26.00;26.00;0.00;
894600;896400.00;25.75;25.75;40.75;25.75;55.75;25.75;27.75;25.75;25.75;0.00;
896400;898200.00;25.50;25.50;40.50;25.50;55.50;25.50;28.50;25.50;25.50;0.00;
898200;900000.00;25.25;25.25;40.25;25.25;55.25;25.25;29.25;25.25;25.25;0.00;
900000;901800.00;25.00;25.00;40.00;25.00;55.00;25.00;30.00;25.00;25.00;0.00;
901800;903600.00;24.75;24.75;39.75;24.75;54.75;24.75;30.75;24.75;24.75;0.00;
903600;905400.00;24.50;24.50;39.50;24.50;54.50;24.50;31.50;24.50;24.50;0.00;
905400;907200.00;24.25;24.25;39.25;24.25;54.25;24.25;32.25;24.25;24.25;0.00;
907200;909000.00;24.00;24.00;39.00;24.00;54.00;24.00;33.00;24.00;24.00;0.00;
909000;910800.00;23.75;23.75;38.75;23.75;53.75;23.75;33.75;23.75;23.75;0.00;
910800;912600.00;23.50;23.50;38.50;23.50;53.50;23.50;34.50;23.50;23.50;0.00;
912600;914400.00;23.25;23.25;38.25;23.25;53.25;23.25;35.25;23.25;23.25;0.00;
914400;916200.00;23.00;23.00;38.00;23.00;53.00;23.00;36.00;23.00;23.00;0.00;
916200;918000.00;22.75;22.75;37.75;22.75;52.75;22.75;36.75;22.75;22.75;0.00;
918000;919800.00;22.50;22.50;37.50;22.50;52.50;22.50;37.50;22.50;22.50;0.00;
919800;921600.00;22.25;22.25;37.25;22.25;52.25;22.25;38.25;22.25;22.25;0.00;
921600;923400.00;22.00;22.00;37.00;22.00;52.00;22.00;39.00;22.00;22.00;0.00;
923400;925200.00;21.75;21.75;36.75;21.75;51.75;21.75;39.75;21.75;21.75;0.00;
925200;927000.00;21.50;21.50;36.50;21.50;51.50;21.50;40.50;21.50;21.50;0.00;
927000;928800.00;21.25;21.25;36.25;21.25;51.25;21.25;41.25;21.25;21.25;0.00;
928800;930600.00;21.00;21.00;36.00;21.00;51.00;21.00;42.00;21.00;21.00;0.00;
930600;932400.00;20.75;20.75;35.75;20.75;50.75;20.75;42.75;20.75;20.75;0.00;
932400;934200.00;20.50;20.50;35.50;20.50;50.50;20.50;43.50;20.50;20.50;0.00;
934200;936000.00;20.25;20.25;35.25;20.25;50.25;20.25;44.25;20.25;20.25;0.00;
936000;937800.00;20.00;20.00;35.00;20.00;50.00;20.00;45.00;20.00;20.00;0.00;
937800;939600.00;19.75;19.75;34.75;19.75;49.75;19.75;45.75;19.75;19.75;0.00;
939600;941400.00;19.50;19.50;34.50;19.50;49.50;19.50;46.50;19.50;19.50;0.00;
941400;943200.00;19.25;19.25;34.25;19.25;49.25;19.25;47.25;19.25;19.25;0.00;
943200;945000.00;19.00;19.00;34.00;19.00;49.00;19.00;48.00;19.00;19.00;0.00;
945000;946800.00;18.75;18.75;33.75;18.75;48.75;18.75;48.75;18.75;18.75;0.00;
946800;948600.00;18.50;18.50;33.50;18.50;48.50;18.50;49.50;18.50;18.50;0.00;
948600;950400.00;18.25;18.25;33.25;18.25;48.25;18.25;50.25;18.25;18.25;0.00;
950400;952200.00;18.00;18.00;33.00;18.00;48.00;18.00;51.00;18.00;18.00;0.00;
952200;954000.00;17.75;17.75;32.75;17.75;47.75;17.75;51.75;17.75;17.75;0.00;
954000;955800.00;17.50;17.50;32.50;17.50;47.50;17.50;52.50;17.50;17.50;0.00;
955800;957600.00;17.25;17.25;32.25;17.25;47.25;17.25;53.25;17.25;17.25;0.00;
957600;959400.00;17.00;17.00;32.00;17.00;47.00;17.00;54.00;17.00;17.00;0.00;
959400;961200.00;16.75;16.75;31.75;16.75;46.75;16.75;54.75;16.75;16.75;0.00;
961200;963000.00;16.50;16.50;31.50;16.50;46.50;16.50;55.50;16.50;16.50;0.00;
963000;964800.00;16.25;16.25;31.25;16.25;46.25;16.25;56.25;16.25;16.25;0.00;
964800;966600.00;16.00;16.00;31.00;16.00;46.00;16.00;57.00;16.00;16.00;0.00;
966600;968400.00;15.75;15.75;30.75;15.75;45.75;15.75;57.75;15.75;15.75;0.00;
968400;970200.00;15.50;15.50;30.50;15.50;45.50;15.50;58.50;15.50;15.50;0.00;
970200;972000.00;15.25;15.25;30.25;15.25;45.25;15.25;59.25;15.25;15.25;0.00;
972000;973800.00;15.00;15.00;30.00;15.00;45.00;15.00;60.00;15.00;15.00;0.00;
973800;975600.00;14.75;14.75;29.50;14.75;44.25;14.75;59.00;14.75;14.75;0.00;
975600;977400.00;14.50;14.50;29.00;14.50;43.50;14.50;58.00;14.50;14.50;0.00;
977400;979200.00;14.25;14.25;28.50;14.25;42.75;14.25;57.00;14.25;14.25;0.00;
979200;981000.00;14.00;14.00;28.00;14.00;42.00;14.00;56.00;14.00;14.00;0.00;
981000;982800.00;13.75;13.75;27.50;13.75;41.25;13.75;55.00;13.75;13.75;0.00;
982800;984600.00;13.50;13.50;27.00;13.50;40.50;13.50;54.00;13.50;13.50;0.00;
984600;986400.00;13.25;13.25;26.50;13.25;39.75;13.25;53.00;13.25;13.25;0.00;
986400;988200.00;13.00;13.00;26.00;13.00;39.00;13.00;52.00;13.00;13.00;0.00;
988200;990000.00;12.75;12.75;25.50;12.75;38.25;12.75;51.00;12.75;12.75;0.00;
990000;991800.00;12.50;12.50;25.00;12.50;37.50;12.50;50.00;12.50;12.50;0.00;
991800;993600.00;12.25;12.25;24.50;12.25;36.75;12.25;49.00;12.25;12.25;0.00;
993600;995400.00;12.00;12.00;24.00;12.00;36.00;12.00;48.00;12.00;12.00;0.00;
995400;997200.00;11.75;11.75;23.50;11.75;35.25;11.75;47.00;11.75;11.75;0.00;
997200;999000.00;11.50;11.50;23.00;11.50;34.50;11.50;46.00;11.50;11.50;0.00;
999000;1000800.00;11.25;11.25;22.50;11.25;33.75;11.25;45.00;11.25;11.25;0.00;
1000800;1002600.00;11.00;11.00;22.00;11.00;33.00;11.00;44.00;11.00;11.00;0.00;
1002600;1004400.00;10.75;10.75;21.50;10.75;32.25;10.75;43.00;10.75;10.75;0.00;
1004400;1006200.00;10.50;10.50;21.00;10.50;31.50;10.50;42.00;10.50;10.50;0.00;
1006200;1008000.00;10.25;10.25;20.50;10.25;30.75;10.25;41.00;10.25;10.25;0.00;
1008000;1009800.00;10.00;10.00;20.00;10.00;30.00;10.00;40.00;10.00;10.00;0.00;
1009800;1011600.00;9.75;9.75;19.50;9.75;29.25;9.75;39.00;9.75;9.75;0.00;
1011600;1013400.00;9.50;9.50;19.00;9.50;28.50;9.50;38.00;9.50;9.50;0.00;
1013400;1015200.00;9.25;9.25;18.50;9.25;27.75;9.25;37.00;9.25;9.25;0.00;
1015200;1017000.00;9.00;9.00;18.00;9.00;27.00;9.00;36.00;9.00;9.00;0.00;
1017000;1018800.00;8.75;8.75;17.50;8.75;26.25;8.75;35.00;8.75;8.75;0.00;
1018800;1020600.00;8.50;8.50;17.00;8.50;25.50;8.50;34.00;8.50;8.50;0.00;
1020600;1022400.00;8.25;8.25;16.50;8.25;24.75;8.25;33.00;8.25;8.25;0.00;
1022400;1024200.00;8.00;8.00;16.00;8.00;24.00;8.00;32.00;8.00;8.00;0.00;
1024200;1026000.00;7.75;7.75;15.50;7.75;23.25;7.75;31.00;7.75;7.75;0.00;
1026000;1027800.00;7.50;7.50;15.00;7.50;22.50;7.50;30.00;7.50;7.50;0.00;
1027800;1029600.00;7.25;7.25;14.50;7.25;21.75;7.25;29.00;7.25;7.25;0.00;
1029600;1031400.00;7.00;7.00;14.00;7.00;21.00;7.00;28.00;7.00;7.00;0.00;
1031400;1033200.00;6.75;6.75;13.50;6.75;20.25;6.75;27.00;6.75;6.75;0.00;
1033200;1035000.00;6.50;6.50;13.00;6.50;19.50;6.50;26.00;6.50;6.50;0.00;
1035000;1036800.00;6.25;6.25;12.50;6.25;18.75;6.25;25.00;6.25;6.25;0.00;
1036800;1038600.00;6.00;6.00;12.00;6.00;18.00;6.00;24.00;6.00;6.00;0.00;
1038600;1040400.00;5.75;5.75;11.50;5.75;17.25;5.75;23.00;5.75;5.75;0.00;
1040400;1042200.00;5.50;5.50;11.00;5.50;16.50;5.50;22.00;5.50;5.50;0.00;
1042200;1044000.00;5.25;5.25;10.50;5.25;15.75;5.25;21.00;5.25;5.25;0.00;
1044000;1045800.00;5.00;5.00;10.00;5.00;15.00;5.00;20.00;5.00;5.00;0.00;
1045800;1047600.00;4.75;4.75;9.50;4.75;14.25;4.75;19.00;4.75;4.75;0.00;
1047600;1049400.00;4.50;4.50;9.00;4.50;13.50;4.50;18.00;4.50;4.50;0.00;
1049400;1051200.00;4.25;4.25;8.50;4.25;12.75;4.25;17.00;4.25;4.25;0.00;
1051200;1053000.00;4.00;4.00;8.00;4.00;12.00;4.00;16.00;4.00;4.00;0.00;
1053000;1054800.00;3.75;3.75;7.50;3.75;11.25;3.75;15.00;3.75;3.75;0.00;
1054800;1056600.00;3.50;3.50;7.00;3.50;10.50;3.50;14.00;3.50;3.50;0.00;
1056600;1058400.00;3.25;3.25;6.50;3.25;9.75;3.25;13.00;3.25;3.25;0.00;
1058400;1060200.00;3.00;3.00;6.00;3.00;9.00;3.00;12.00;3.00;3.00;0.00;
1060200;1062000.00;2.75;2.75;5.50;2.75;8.25;2.75;11.00;2.75;2.75;0.00;
1062000;1063800.00;2.50;2.50;5.00;2.50;7.50;2.50;10.00;2.50;2.50;0.00;
1063800;1065600.00;2.25;2.25;4.50;2.25;6.75;2.25;9.00;2.25;2.25;0.00;
1065600;1067400.00;2.00;2.00;4.00;2.00;6.00;2.00;8.00;2.00;2.00;0.00;
1067400;1069200.00;1.75;1.75;3.50;1.75;5.25;1.75;7.00;1.75;1.75;0.00;
1069200;1071000.00;1.50;1.50;3.00;1.50;4.50;1.50;6.00;1.50;1.50;0.00;
1071000;1072800.00;1.25;1.25;2.50;1.25;3.75;1.25;5.00;1.25;1.25;0.00;
1072800;1074600.00;1.00;1.00;2.00;1.00;3.00;1.00;4.00;1.00;1.00;0.00;
1074600;1076400.00;0.75;0.75;1.50;0.75;2.25;0.75;3.00;0.75;0.75;0.00;
1076400;1078200.00;0.50;0.50;1.00;0.50;1.50;0.50;2.00;0.50;0.50;0.00;
1078200;1080000.00;0.25;0.25;0.50;0.25;0.75;0.25;1.00;0.25;0.25;0.00;
1080000;1081800.00;0.00;0.00;0.00;0.00;0.00;0.00;0.00;0.00;0.00;0.00;
1081800;1083600.00;0.00;0.00;0.00;0.00;0.00;0.00;0.00;0.00;0.00;0.00;
1083600;1085400.00;0.00;0.00;0.00;0.00;0.00;0.00;0.00;0.00;0.00;0.00;
1085400;1087200.00;0.00;0.00;0.00;0.00;0.00;0.00;0.00;0.00;0.00;0.00;
1087200;1089000.00;0.00;0.00;0.00;0.00;0.00;0.00;0.00;0.00;0.00;0.00;
1089000;1090800.00;0.00;0.00;0.00;0.00;0.00;0.00;0.00;0.00;0.00;0.00;
1090800;1092600.00;0.00;0.00;0.00;0.00;0.00;0.00;0.00;0.00;0.00;0.00;
1092600;1094400.00;0.00;0.00;0.00;0.00;0.00;0.00;0.00;0.00;0.00;0.00;
1094400;1096200.00;0.00;0.00;0.00;0.00;0.00;0.00;0.00;0.00;0.00;0.00;
1096200;1098000.00;0.00;0.00;0.00;0.00;0.00;0.00;0.00;0.00;0.00;0.00;
1098000;1099800.00;0.00;0.00;0.00;0.00;0.00;0.00;0.00;0.00;0.00;0.00;
1099800;1101600.00;0.00;0.00;0.00;0.00;0.00;0.00;0.00;0.00;0.00;0.00;
1101600;1103400.00;0.00;0.00;0.00;0.00;0.00;0.00;0.00;0.00;0.00;0.00;
1103400;1105200.00;0.00;0.00;0.00;0.00;0.00;0.00;0.00;0.00;0.00;0.00;
1105200;1107000.00;0.00;0.00;0.00;0.00;0.00;0.00;0.00;0.00;0.00;0.00;
1107000;1108800.00;0.00;0.00;0.00;0.00;0.00;0.00;0.00;0.00;0.00;0.00;
1108800;1110600.00;0.00;0.00;0.00;0.00;0.00;0.00;0.00;0.00;0.00;0.00;
1110600;1112400.00;0.00;0.00;0.00;0.00;0.00;0.00;0.00;0.00;0.00;0.00;
1112400;1114200.00;0.00;0.00;0.00;0.00;0.00;0.00;0.00;0.00;0.00;0.00;
1114200;1116000.00;0.00;0.00;0.00;0.00;0.00;0.00;0.00;0.00;0.00;0.00;
1116000;1117800.00;0.00;0.00;0.00;0.00;0.00;0.00;0.00;0.00;0.00;0.00;
1117800;1119600.00;0.00;0.00;0.00;0.00;0.00;0.00;0.00;0.00;0.00;0.00;
1119600;1121400.00;0.00;0.00;0.00;0.00;0.00;0.00;0.00;0.00;0.00;0.00;
1121400;1123200.00;0.00;0.00;0.00;0.00;0.00;0.00;0.00;0.00;0.00;0.00;
1123200;1125000.00;0.00;0.00;0.00;0.00;0.00;0.00;0.00;0.00;0.00;0.00;
1125000;1126800.00;0.00;0.00;0.00;0.00;0.00;0.00;0.00;0.00;0.00;0.00;
1126800;1128600.00;0.00;0.00;0.00;0.00;0.00;0.00;0.00;0.00;0.00;0.00;
1128600;1130400.00;0.00;0.00;0.00;0.00;0.00;0.00;0.00;0.00;0.00;0.00;
1130400;1132200.00;0.00;0.00;0.00;0.00;0.00;0.00;0.00;0.00;0.00;0.00;
1132200;1134000.00;0.00;0.00;0.00;0.00;0.00;0.00;0.00;0.00;0.00;0.00;
1134000;1135800.00;0.00;0.00;0.00;0.00;0.00;0.00;0.00;0.00;0.00;0.00;
1135800;1137600.00;0.00;0.00;0.00;0.00;0.00;0.00;0.00;0.00;0.00;0.00;
1137600;1139400.00;0.00;0.00;0.00;0.00;0.00;0.00;0.00;0.00;0.00;0.00;
1139400;1141200.00;0.00;0.00;0.00;0.00;0.00;0.00;0.00;0.00;0.00;0.00;
1141200;1143000.00;0.00;0.00;0.00;0.00;0.00;0.00;0.00;0.00;0.00;0.00;
1143000;1144800.00;0.00;0.00;0.00;0.00;0.00;0.00;0.00;0.00;0.00;0.00;
1144800;1146600.00;0.00;0.00;0.00;0.00;0.00;0.00;0.00;0.00;0.00;0.00;
1146600;1148400.00;0.00;0.00;0.00;0.00;0.00;0.00;0.00;0.00;0.00;0.00;
1148400;1150200.00;0.00;0.00;0.00;0.00;0.00;0.00;0.00;0.00;0.00;0.00;
1150200;1152000.00;0.00;0.00;0.00;0.00;0.00;0.00;0.00;0.00;0.00;0.00;
1152000;1153800.00;0.00;0.00;0.00;0.00;0.00;0.00;0.00;0.00;0.00;0.00;
1153800;1155600.00;0.00;0.00;0.00;0.00;0.00;0.00;0.00;0.00;0.00;0.00;
1155600;1157400.00;0.00;0.00;0.00;0.00;0.00;0.00;0.00;0.00;0.00;0.00;
1157400;1159200.00;0.00;0.00;0.00;0.00;0.00;0.00;0.00;0.00;0.00;0.00;
1159200;1161000.00;0.00;0.00;0.00;0.00;0.00;0.00;0.00;0.00;0.00;0.00;
1161000;1162800.00;0.00;0.00;0.00;0.00;0.00;0.00;0.00;0.00;0.00;0.00;
1162800;1164600.00;0.00;0.00;0.00;0.00;0.00;0.00;0.00;0.00;0.00;0.00;
1164600;1166400.00;0.00;0.00;0.00;0.00;0.00;0.00;0.00;0.00;0.00;0.00;
1166400;1168200.00;0.00;0.00;0.00;0.00;0.00;0.00;0.00;0.00;0.00;0.00;
1168200;1170000.00;0.00;0.00;0.00;0.00;0.00;0.00;0.00;0.00;0.00;0.00;
1170000;1171800.00;0.00;0.00;0.00;0.00;0.00;0.00;0.00;0.00;0.00;0.00;
1171800;1173600.00;0.00;0.00;0.00;0.00;0.00;0.00;0.00;0.00;0.00;0.00;
1173600;1175400.00;0.00;0.00;0.00;0.00;0.00;0.00;0.00;0.00;0.00;0.00;
1175400;1177200.00;0.00;0.00;0.00;0.00;0.00;0.00;0.00;0.00;0.00;0.00;
1177200;1179000.00;0.00;0.00;0.00;0.00;0.00;0.00;0.00;0.00;0.00;0.00;
1179000;1180800.00;0.00;0.00;0.00;0.00;0.00;0.00;0.00;0.00;0.00;0.00;
1180800;1182600.00;0.00;0.00;0.00;0.00;0.00;0.00;0.00;0.00;0.00;0.00;
1182600;1184400.00;0.00;0.00;0.00;0.00;0.00;0.00;0.00;0.00;0.00;0.00;
1184400;1186200.00;0.00;0.00;0.00;0.00;0.00;0.00;0.00;0.00;0.00;0.00;
1186200;1188000.00;0.00;0.00;0.00;0.00;0.00;0.00;0.00;0.00;0.00;0.00;
1188000;1189800.00;0.00;0.00;0.00;0.00;0.00;0.00;0.00;0.00;0.00;0.00;
1189800;1191600.00;0.00;0.00;0.00;0.00;0.00;0.00;0.00;0.00;0.00;0.00;
1191600;1193400.00;0.00;0.00;0.00;0.00;0.00;0.00;0.00;0.00;0.00;0.00;
1193400;1195200.00;0.00;0.00;0.00;0.00;0.00;0.00;0.00;0.00;0.00;0.00;
1195200;1197000.00;0.00;0.00;0.00;0.00;0.00;0.00;0.00;0.00;0.00;0.00;
1197000;1198800.00;0.00;0.00;0.00;0.00;0.00;0.00;0.00;0.00;0.00;0.00;
1198800;1200600.00;0.00;0.00;0.00;0.00;0.00;0.00;0.00;0.00;0.00;0.00;
1200600;1202400.00;0.00;0.00;0.00;0.00;0.00;0.00;0.00;0.00;0.00;0.00;
1202400;1204200.00;0.00;0.00;0.00;0.00;0.00;0.00;0.00;0.00;0.00;0.00;
1204200;1206000.00;0.00;0.00;0.00;0.00;0.00;0.00;0.00;0.00;0.00;0.00;
1206000;1207800.00;0.00;0.00;0.00;0.00;0.00;0.00;0.00;0.00;0.00;0.00;
1207800;1209600.00;0.00;0.00;0.00;0.00;0.00;0.00;0.00;0.00;0.00;0.00;
1209600;1211400.00;0.00;0.00;0.00;0.00;0.00;0.00;0.00;0.00;0.00;0.00;
1211400;1213200.00;0.00;0.00;0.00;0.00;0.00;0.00;0.00;0.00;0.00;0.00;
1213200;1215000.00;0.00;0.00;0.00;0.00;0.00;0.00;0.00;0.00;0.00;0.00;
1215000;1216800.00;0.00;0.00;0.00;0.00;0.00;0.00;0.00;0.00;0.00;0.00;
1216800;1218600.00;0.00;0.00;0.00;0.00;0.00;0.00;0.00;0.00;0.00;0.00;
1218600;1220400.00;0.00;0.00;0.00;0.00;0.00;0.00;0.00;0.00;0.00;0.00;
1220400;1222200.00;0.00;0.00;0.00;0.00;0.00;0.00;0.00;0.00;0.00;0.00;
1222200;1224000.00;0.00;0.00;0.00;0.00;0.00;0.00;0.00;0.00;0.00;0.00;
1224000;1225800.00;0.00;0.00;0.00;0.00;0.00;0.00;0.00;0.00;0.00;0.00;
1225800;1227600.00;0.00;0.00;0.00;0.00;0.00;0.00;0.00;0.00;0.00;0.00;
1227600;1229400.00;0.00;0.00;0.00;0.00;0.00;0.00;0.00;0.00;0.00;0.00;
1229400;1231200.00;0.00;0.00;0.00;0.00;0.00;0.00;0.00;0.00;0.00;0.00;
1231200;1233000.00;0.00;0.00;0.00;0.00;0.00;0.00;0.00;0.00;0.00;0.00;
1233000;1234800.00;0.00;0.00;0.00;0.00;0.00;0.00;0.00;0.00;0.00;0.00;
1234800;1236600.00;0.00;0.00;0.00;0.00;0.00;0.00;0.00;0.00;0.00;0.00;
1236600;1238400.00;0.00;0.00;0.00;0.00;0.00;0.00;0.00;0.00;0.00;0.00;
1238400;1240200.00;0.00;0.00;0.00;0.00;0.00;0.00;0.00;0.00;0.00;0.00;
1240200;1242000.00;0.00;0.00;0.00;0.00;0.00;0.00;0.00;0.00;0.00;0.00;
1242000;1243800.00;0.00;0.00;0.00;0.00;0.00;0.00;0.00;0.00;0.00;0.00;
1243800;1245600.00;0.00;0.00;0.00;0.00;0.00;0.00;0.00;0.00;0.00;0.00;
1245600;1247400.00;0.00;0.00;0.00;0.00;0.00;0.00;0.00;0.00;0.00;0.00;
1247400;1249200.00;0.00;0.00;0.00;0.00;0.00;0.00;0.00;0.00;0.00;0.00;
1249200;1251000.00;0.00;0.00;0.00;0.00;0.00;0.00;0.00;0.00;0.00;0.00;
1251000;1252800.00;0.00;0.00;0.00;0.00;0.00;0.00;0.00;0.00;0.00;0.00;
1252800;1254600.00;0.00;0.00;0.00;0.00;0.00;0.00;0.00;0.00;0.00;0.00;
1254600;1256400.00;0.00;0.00;0.00;0.00;0.00;0.00;0.00;0.00;0.00;0.00;
1256400;1258200.00;0.00;0.00;0.00;0.00;0.00;0.00;0.00;0.00;0.00;0.00;
1258200;1260000.00;0.00;0.00;0.00;0.00;0.00;0.00;0.00;0.00;0.00;0.00;
1260000;1261800.00;0.00;0.00;0.00;0.00;0.00;0.00;0.00;0.00;0.00;0.00;
1261800;1263600.00;0.00;0.00;0.00;0.00;0.00;0.00;0.00;0.00;0.00;0.00;
1263600;1265400.00;0.00;0.00;0.00;0.00;0.00;0.00;0.00;0.00;0.00;0.00;
1265400;1267200.00;0.00;0.00;0.00;0.00;0.00;0.00;0.00;0.00;0.00;0.00;
1267200;1269000.00;0.00;0.00;0.00;0.00;0.00;0.00;0.00;0.00;0.00;0.00;
1269000;1270800.00;0.00;0.00;0.00;0.00;0.00;0.00;0.00;0.00;0.00;0.00;
1270800;1272600.00;0.00;0.00;0.00;0.00;0.00;0.00;0.00;0.00;0.00;0.00;
1272600;1274400.00;0.00;0.00;0.00;0.00;0.00;0.00;0.00;0.00;0.00;0.00;
1274400;1276200.00;0.00;0.00;0.00;0.00;0.00;0.00;0.00;0.00;0.00;0.00;
1276200;1278000.00;0.00;0.00;0.00;0.00;0.00;0.00;0.00;0.00;0.00;0.00;
1278000;1279800.00;0.00;0.00;0.00;0.00;0.00;0.00;0.00;0.00;0.00;0.00;
1279800;1281600.00;0.00;0.00;0.00;0.00;0.00;0.00;0.00;0.00;0.00;0.00;
1281600;1283400.00;0.00;0.00;0.00;0.00;0.00;0.00;0.00;0.00;0.00;0.00;
1283400;1285200.00;0.00;0.00;0.00;0.00;0.00;0.00;0.00;0.00;0.00;0.00;
1285200;1287000.00;0.00;0.00;0.00;0.00;0.00;0.00;0.00;0.00;0.00;0.00;
1287000;1288800.00;0.00;0.00;0.00;0.00;0.00;0.00;0.00;0.00;0.00;0.00;
1288800;1290600.00;0.00;0.00;0.00;0.00;0.00;0.00;0.00;0.00;0.00;0.00;
1290600;1292400.00;0.00;0.00;0.00;0.00;0.00;0.00;0.00;0.00;0.00;0.00;
1292400;1294200.00;0.00;0.00;0.00;0.00;0.00;0.00;0.00;0.00;0.00;0.00;
1294200;1296000.00;0.00;0.00;0.00;0.00;0.00;0.00;0.00;0.00;0.00;0.00;
